!Agilent Technologies,E4990A,MY54201856,A.02.20
!Date: Wed Feb 25 18:26:20 2026

BEGIN CH1_DATA
Frequency(Hz), |Z|(Ohm)-data, |Z|(Ohm)-mem, theta-z(deg)-data, theta-z(deg)-mem
+3.27567660000e+004, +3.94331762057e+005, +4.07051507907e+005, -8.33351986845e+001, -8.60939320085e+001
+3.27567847500e+004, +3.92715006905e+005, +4.06178831203e+005, -8.71489947405e+001, -8.60788674704e+001
+3.27568035000e+004, +4.05919230800e+005, +4.05304705659e+005, -8.74549156456e+001, -8.60637066764e+001
+3.27568222500e+004, +4.07638172075e+005, +4.04429127881e+005, -8.65837811082e+001, -8.60484487437e+001
+3.27568410000e+004, +4.04730058483e+005, +4.03552094469e+005, -8.62931560953e+001, -8.60330927787e+001
+3.27568597500e+004, +4.02410600176e+005, +4.02673602011e+005, -8.63363663979e+001, -8.60176378771e+001
+3.27568785000e+004, +4.01466500668e+005, +4.01793647089e+005, -8.64108798091e+001, -8.60020831235e+001
+3.27568972500e+004, +4.00746012178e+005, +4.00912226279e+005, -8.64005076674e+001, -8.59864275913e+001
+3.27569160000e+004, +4.00218927861e+005, +4.00029336146e+005, -8.63926687210e+001, -8.59706703427e+001
+3.27569347500e+004, +3.99424022867e+005, +3.99144973250e+005, -8.63577200968e+001, -8.59548104283e+001
+3.27569535000e+004, +3.98310918640e+005, +3.98259134141e+005, -8.63349941751e+001, -8.59388468871e+001
+3.27569722500e+004, +3.97483601888e+005, +3.97371815363e+005, -8.63291174882e+001, -8.59227787462e+001
+3.27569910000e+004, +3.96579707192e+005, +3.96483013452e+005, -8.63030963247e+001, -8.59066050206e+001
+3.27570097500e+004, +3.95672633252e+005, +3.95592724935e+005, -8.62928993884e+001, -8.58903247133e+001
+3.27570285000e+004, +3.94776733424e+005, +3.94700946333e+005, -8.62654709786e+001, -8.58739368145e+001
+3.27570472500e+004, +3.94088210995e+005, +3.93807674158e+005, -8.62581363703e+001, -8.58574403022e+001
+3.27570660000e+004, +3.92875119513e+005, +3.92912904916e+005, -8.62312009704e+001, -8.58408341414e+001
+3.27570847500e+004, +3.92042267604e+005, +3.92016635104e+005, -8.62096578795e+001, -8.58241172840e+001
+3.27571035000e+004, +3.91205232982e+005, +3.91118861213e+005, -8.62022327963e+001, -8.58072886689e+001
+3.27571222500e+004, +3.90300274690e+005, +3.90219579725e+005, -8.61693267176e+001, -8.57903472215e+001
+3.27571410000e+004, +3.89280946594e+005, +3.89318787116e+005, -8.61469228823e+001, -8.57732918536e+001
+3.27571597500e+004, +3.88428111067e+005, +3.88416479853e+005, -8.61249431453e+001, -8.57561214630e+001
+3.27571785000e+004, +3.87548595867e+005, +3.87512654398e+005, -8.61056213420e+001, -8.57388349338e+001
+3.27571972500e+004, +3.86768800165e+005, +3.86607307204e+005, -8.60886096134e+001, -8.57214311354e+001
+3.27572160000e+004, +3.85717450555e+005, +3.85700434716e+005, -8.60862707243e+001, -8.57039089229e+001
+3.27572347500e+004, +3.84889963669e+005, +3.84792033374e+005, -8.60685999786e+001, -8.56862671368e+001
+3.27572535000e+004, +3.83862989595e+005, +3.83882099610e+005, -8.60476365057e+001, -8.56685046024e+001
+3.27572722500e+004, +3.83075199880e+005, +3.82970629849e+005, -8.60282530405e+001, -8.56506201297e+001
+3.27572910000e+004, +3.82168211868e+005, +3.82057620508e+005, -8.60034799312e+001, -8.56326125136e+001
+3.27573097500e+004, +3.81164883566e+005, +3.81143067998e+005, -8.59862091868e+001, -8.56144805330e+001
+3.27573285000e+004, +3.80293631531e+005, +3.80226968724e+005, -8.59643458754e+001, -8.55962229508e+001
+3.27573472500e+004, +3.79350803710e+005, +3.79309319083e+005, -8.59502790550e+001, -8.55778385139e+001
+3.27573660000e+004, +3.78529063541e+005, +3.78390115465e+005, -8.59493967234e+001, -8.55593259524e+001
+3.27573847500e+004, +3.77444907942e+005, +3.77469354253e+005, -8.59162772511e+001, -8.55406839801e+001
+3.27574035000e+004, +3.76586400876e+005, +3.76547031825e+005, -8.58872112092e+001, -8.55219112932e+001
+3.27574222500e+004, +3.75731386770e+005, +3.75623144551e+005, -8.58471598832e+001, -8.55030065709e+001
+3.27574410000e+004, +3.74686401554e+005, +3.74697688796e+005, -8.58406127081e+001, -8.54839684748e+001
+3.27574597500e+004, +3.73853969041e+005, +3.73770660917e+005, -8.58313352934e+001, -8.54647956484e+001
+3.27574785000e+004, +3.72967975792e+005, +3.72842057265e+005, -8.58126490768e+001, -8.54454867173e+001
+3.27574972500e+004, +3.71964063622e+005, +3.71911874186e+005, -8.57727847378e+001, -8.54260402883e+001
+3.27575160000e+004, +3.70947391809e+005, +3.70980108018e+005, -8.57628697719e+001, -8.54064549496e+001
+3.27575347500e+004, +3.70049561307e+005, +3.70046755094e+005, -8.57383007584e+001, -8.53867292700e+001
+3.27575535000e+004, +3.69068785688e+005, +3.69111811741e+005, -8.57142146032e+001, -8.53668617992e+001
+3.27575722500e+004, +3.68204426020e+005, +3.68175274280e+005, -8.57101263520e+001, -8.53468510669e+001
+3.27575910000e+004, +3.67284630155e+005, +3.67237139026e+005, -8.56848648248e+001, -8.53266955826e+001
+3.27576097500e+004, +3.66354954986e+005, +3.66297402288e+005, -8.56741375142e+001, -8.53063938355e+001
+3.27576285000e+004, +3.65337421413e+005, +3.65356060370e+005, -8.56491248688e+001, -8.52859442939e+001
+3.27576472500e+004, +3.64375068691e+005, +3.64413109572e+005, -8.56119702185e+001, -8.52653454051e+001
+3.27576660000e+004, +3.63449789304e+005, +3.63468546184e+005, -8.56080576594e+001, -8.52445955945e+001
+3.27576847500e+004, +3.62531223119e+005, +3.62522366495e+005, -8.55702755905e+001, -8.52236932660e+001
+3.27577035000e+004, +3.61579498797e+005, +3.61574566788e+005, -8.55528864077e+001, -8.52026368009e+001
+3.27577222500e+004, +3.60701344171e+005, +3.60625143339e+005, -8.55246748280e+001, -8.51814245580e+001
+3.27577410000e+004, +3.59672659814e+005, +3.59674092422e+005, -8.54998756612e+001, -8.51600548730e+001
+3.27577597500e+004, +3.58706665698e+005, +3.58721410303e+005, -8.54660784366e+001, -8.51385260580e+001
+3.27577785000e+004, +3.57698660294e+005, +3.57767093246e+005, -8.54524462670e+001, -8.51168364014e+001
+3.27577972500e+004, +3.56726682989e+005, +3.56811137510e+005, -8.54151096738e+001, -8.50949841671e+001
+3.27578160000e+004, +3.55865970760e+005, +3.55853539347e+005, -8.53975032536e+001, -8.50729675945e+001
+3.27578347500e+004, +3.54781572037e+005, +3.54894295008e+005, -8.53772745630e+001, -8.50507848976e+001
+3.27578535000e+004, +3.53882932841e+005, +3.53933400737e+005, -8.53607267819e+001, -8.50284342648e+001
+3.27578722500e+004, +3.53001383293e+005, +3.52970852778e+005, -8.53447179703e+001, -8.50059138584e+001
+3.27578910000e+004, +3.51883213944e+005, +3.52006647367e+005, -8.53094796719e+001, -8.49832218144e+001
+3.27579097500e+004, +3.50892209768e+005, +3.51040780739e+005, -8.52782179926e+001, -8.49603562414e+001
+3.27579285000e+004, +3.49938877262e+005, +3.50073249124e+005, -8.52711460065e+001, -8.49373152208e+001
+3.27579472500e+004, +3.49106050661e+005, +3.49104048748e+005, -8.52354239813e+001, -8.49140968057e+001
+3.27579660000e+004, +3.48061017498e+005, +3.48133175837e+005, -8.52160027751e+001, -8.48906990208e+001
+3.27579847500e+004, +3.47109154728e+005, +3.47160626610e+005, -8.51772373084e+001, -8.48671198617e+001
+3.27580035000e+004, +3.46145863245e+005, +3.46186397287e+005, -8.51670838541e+001, -8.48433572946e+001
+3.27580222500e+004, +3.45134689175e+005, +3.45210484082e+005, -8.51522222485e+001, -8.48194092554e+001
+3.27580410000e+004, +3.44147726033e+005, +3.44232883209e+005, -8.51109105128e+001, -8.47952736493e+001
+3.27580597500e+004, +3.43083754881e+005, +3.43253590878e+005, -8.50711323054e+001, -8.47709483502e+001
+3.27580785000e+004, +3.42184137643e+005, +3.42272603299e+005, -8.50592762763e+001, -8.47464312005e+001
+3.27580972500e+004, +3.41307108181e+005, +3.41289916678e+005, -8.50415306053e+001, -8.47217200097e+001
+3.27581160000e+004, +3.40435755467e+005, +3.40305527220e+005, -8.50152373733e+001, -8.46968125546e+001
+3.27581347500e+004, +3.39262320410e+005, +3.39319431129e+005, -8.49856532201e+001, -8.46717065782e+001
+3.27581535000e+004, +3.38123211633e+005, +3.38331624609e+005, -8.49547097772e+001, -8.46463997893e+001
+3.27581722500e+004, +3.37224639368e+005, +3.37342103860e+005, -8.49354768406e+001, -8.46208898617e+001
+3.27581910000e+004, +3.36228162416e+005, +3.36350865085e+005, -8.49189327581e+001, -8.45951744337e+001
+3.27582097500e+004, +3.35237259247e+005, +3.35357904483e+005, -8.48718300808e+001, -8.45692511070e+001
+3.27582285000e+004, +3.34370375191e+005, +3.34363218254e+005, -8.48287206370e+001, -8.45431174467e+001
+3.27582472500e+004, +3.33342813919e+005, +3.33366802600e+005, -8.48007469040e+001, -8.45167709801e+001
+3.27582660000e+004, +3.32334770647e+005, +3.32368653722e+005, -8.47946068769e+001, -8.44902091960e+001
+3.27582847500e+004, +3.31330703898e+005, +3.31368767821e+005, -8.47649205565e+001, -8.44634295440e+001
+3.27583035000e+004, +3.30267480499e+005, +3.30367141099e+005, -8.47235840462e+001, -8.44364294341e+001
+3.27583222500e+004, +3.29353156270e+005, +3.29363769759e+005, -8.47020934605e+001, -8.44092062351e+001
+3.27583410000e+004, +3.28320721219e+005, +3.28358650008e+005, -8.46784452007e+001, -8.43817572749e+001
+3.27583597500e+004, +3.27264917978e+005, +3.27351778052e+005, -8.46451301648e+001, -8.43540798385e+001
+3.27583785000e+004, +3.26233204223e+005, +3.26343150100e+005, -8.46131813838e+001, -8.43261711682e+001
+3.27583972500e+004, +3.25240412830e+005, +3.25332762363e+005, -8.45919390504e+001, -8.42980284622e+001
+3.27584160000e+004, +3.24211459987e+005, +3.24320611055e+005, -8.45525933086e+001, -8.42696488736e+001
+3.27584347500e+004, +3.23227713644e+005, +3.23306692395e+005, -8.45217834636e+001, -8.42410295100e+001
+3.27584535000e+004, +3.22251499813e+005, +3.22291002604e+005, -8.45018161020e+001, -8.42121674322e+001
+3.27584722500e+004, +3.21225122034e+005, +3.21273537904e+005, -8.44658112344e+001, -8.41830596534e+001
+3.27584910000e+004, +3.20140447569e+005, +3.20254294528e+005, -8.44337514311e+001, -8.41537031384e+001
+3.27585097500e+004, +3.19149243228e+005, +3.19233268707e+005, -8.44172219876e+001, -8.41240948020e+001
+3.27585285000e+004, +3.17975570833e+005, +3.18210456681e+005, -8.43668181062e+001, -8.40942315089e+001
+3.27585472500e+004, +3.17123331025e+005, +3.17185854694e+005, -8.43422582826e+001, -8.40641100719e+001
+3.27585660000e+004, +3.16042957046e+005, +3.16159458996e+005, -8.43026768045e+001, -8.40337272512e+001
+3.27585847500e+004, +3.15061199867e+005, +3.15131265843e+005, -8.42837108385e+001, -8.40030797533e+001
+3.27586035000e+004, +3.13930326557e+005, +3.14101271499e+005, -8.42318501558e+001, -8.39721642298e+001
+3.27586222500e+004, +3.12967434766e+005, +3.13069472236e+005, -8.42270286697e+001, -8.39409772764e+001
+3.27586410000e+004, +3.11983839763e+005, +3.12035864329e+005, -8.41767946219e+001, -8.39095154315e+001
+3.27586597500e+004, +3.10952302072e+005, +3.11000444067e+005, -8.41449489234e+001, -8.38777751752e+001
+3.27586785000e+004, +3.09863172671e+005, +3.09963207744e+005, -8.40994710465e+001, -8.38457529280e+001
+3.27586972500e+004, +3.08826186808e+005, +3.08924151665e+005, -8.40704042651e+001, -8.38134450496e+001
+3.27587160000e+004, +3.07801838826e+005, +3.07883272143e+005, -8.40461809055e+001, -8.37808478376e+001
+3.27587347500e+004, +3.06665323061e+005, +3.06840565504e+005, -8.40106809856e+001, -8.37479575261e+001
+3.27587535000e+004, +3.05623694382e+005, +3.05796028083e+005, -8.39672236330e+001, -8.37147702844e+001
+3.27587722500e+004, +3.04530701152e+005, +3.04749656227e+005, -8.39458684024e+001, -8.36812822156e+001
+3.27587910000e+004, +3.03623083802e+005, +3.03701446294e+005, -8.39066583278e+001, -8.36474893552e+001
+3.27588097500e+004, +3.02471031530e+005, +3.02651394656e+005, -8.38598081273e+001, -8.36133876698e+001
+3.27588285000e+004, +3.01445618750e+005, +3.01599497698e+005, -8.38294771018e+001, -8.35789730551e+001
+3.27588472500e+004, +3.00361689810e+005, +3.00545751820e+005, -8.37934567449e+001, -8.35442413349e+001
+3.27588660000e+004, +2.99463538017e+005, +2.99490153434e+005, -8.37518718998e+001, -8.35091882594e+001
+3.27588847500e+004, +2.98246383111e+005, +2.98432698969e+005, -8.37109544222e+001, -8.34738095033e+001
+3.27589035000e+004, +2.97248655007e+005, +2.97373384871e+005, -8.36840626017e+001, -8.34381006643e+001
+3.27589222500e+004, +2.96185098910e+005, +2.96312207602e+005, -8.36388391865e+001, -8.34020572618e+001
+3.27589410000e+004, +2.95137534924e+005, +2.95249163639e+005, -8.35842006722e+001, -8.33656747344e+001
+3.27589597500e+004, +2.94001550709e+005, +2.94184249483e+005, -8.35677090343e+001, -8.33289484385e+001
+3.27589785000e+004, +2.92992574307e+005, +2.93117461648e+005, -8.35233371377e+001, -8.32918736468e+001
+3.27589972500e+004, +2.91851427002e+005, +2.92048796673e+005, -8.34827647313e+001, -8.32544455457e+001
+3.27590160000e+004, +2.90837836324e+005, +2.90978251114e+005, -8.34526506543e+001, -8.32166592337e+001
+3.27590347500e+004, +2.89689494078e+005, +2.89905821551e+005, -8.34042728193e+001, -8.31785097197e+001
+3.27590535000e+004, +2.88681619321e+005, +2.88831504586e+005, -8.33670679043e+001, -8.31399919204e+001
+3.27590722500e+004, +2.87583613381e+005, +2.87755296844e+005, -8.33249345114e+001, -8.31011006586e+001
+3.27590910000e+004, +2.86552605185e+005, +2.86677194975e+005, -8.32847485048e+001, -8.30618306606e+001
+3.27591097500e+004, +2.85406953993e+005, +2.85597195655e+005, -8.32461177585e+001, -8.30221765547e+001
+3.27591285000e+004, +2.84374342019e+005, +2.84515295585e+005, -8.32056714955e+001, -8.29821328681e+001
+3.27591472500e+004, +2.83324302170e+005, +2.83431491495e+005, -8.31510423372e+001, -8.29416940251e+001
+3.27591660000e+004, +2.82171533692e+005, +2.82345780144e+005, -8.31091298462e+001, -8.29008543444e+001
+3.27591847500e+004, +2.81081525360e+005, +2.81258158318e+005, -8.30841039450e+001, -8.28596080369e+001
+3.27592035000e+004, +2.79969985095e+005, +2.80168622837e+005, -8.30333991042e+001, -8.28179492027e+001
+3.27592222500e+004, +2.78946396165e+005, +2.79077170552e+005, -8.29675637058e+001, -8.27758718290e+001
+3.27592410000e+004, +2.77806109169e+005, +2.77983798347e+005, -8.29441227679e+001, -8.27333697870e+001
+3.27592597500e+004, +2.76746539695e+005, +2.76888503141e+005, -8.28915452965e+001, -8.26904368294e+001
+3.27592785000e+004, +2.75571090114e+005, +2.75791281887e+005, -8.28430065045e+001, -8.26470665873e+001
+3.27592972500e+004, +2.74524193684e+005, +2.74692131579e+005, -8.28002343832e+001, -8.26032525673e+001
+3.27593160000e+004, +2.73431016749e+005, +2.73591049247e+005, -8.27565999224e+001, -8.25589881488e+001
+3.27593347500e+004, +2.72314384331e+005, +2.72488031960e+005, -8.26994141662e+001, -8.25142665806e+001
+3.27593535000e+004, +2.71232106148e+005, +2.71383076832e+005, -8.26544668299e+001, -8.24690809774e+001
+3.27593722500e+004, +2.70081319252e+005, +2.70276181016e+005, -8.26187371237e+001, -8.24234243173e+001
+3.27593910000e+004, +2.68963051488e+005, +2.69167341713e+005, -8.25578816683e+001, -8.23772894377e+001
+3.27594097500e+004, +2.67818327099e+005, +2.68056556169e+005, -8.25132308265e+001, -8.23306690322e+001
+3.27594285000e+004, +2.66721849942e+005, +2.66943821676e+005, -8.24622509135e+001, -8.22835556468e+001
+3.27594472500e+004, +2.65654025585e+005, +2.65829135578e+005, -8.24228080006e+001, -8.22359416762e+001
+3.27594660000e+004, +2.64556888400e+005, +2.64712495270e+005, -8.23559686128e+001, -8.21878193602e+001
+3.27594847500e+004, +2.63335811207e+005, +2.63593898200e+005, -8.23052768792e+001, -8.21391807797e+001
+3.27595035000e+004, +2.62262617531e+005, +2.62473341870e+005, -8.22610867516e+001, -8.20900178524e+001
+3.27595222500e+004, +2.61173572077e+005, +2.61350823840e+005, -8.22133788500e+001, -8.20403223288e+001
+3.27595410000e+004, +2.60070663285e+005, +2.60226341729e+005, -8.21649957177e+001, -8.19900857880e+001
+3.27595597500e+004, +2.58880204646e+005, +2.59099893217e+005, -8.20990620529e+001, -8.19392996334e+001
+3.27595785000e+004, +2.57694845924e+005, +2.57971476048e+005, -8.20568810086e+001, -8.18879550875e+001
+3.27595972500e+004, +2.56625211329e+005, +2.56841088030e+005, -8.20086628179e+001, -8.18360431881e+001
+3.27596160000e+004, +2.55479468935e+005, +2.55708727041e+005, -8.19325994321e+001, -8.17835547825e+001
+3.27596347500e+004, +2.54309519726e+005, +2.54574391027e+005, -8.18744569956e+001, -8.17304805234e+001
+3.27596535000e+004, +2.53150539555e+005, +2.53438078008e+005, -8.18427811333e+001, -8.16768108631e+001
+3.27596722500e+004, +2.52067193102e+005, +2.52299786078e+005, -8.17817554436e+001, -8.16225360483e+001
+3.27596910000e+004, +2.50935483983e+005, +2.51159513411e+005, -8.17189176192e+001, -8.15676461149e+001
+3.27597097500e+004, +2.49791685295e+005, +2.50017258260e+005, -8.16645517066e+001, -8.15121308820e+001
+3.27597285000e+004, +2.48586112122e+005, +2.48873018960e+005, -8.16015168359e+001, -8.14559799463e+001
+3.27597472500e+004, +2.47536260770e+005, +2.47726793935e+005, -8.15382787817e+001, -8.13991826759e+001
+3.27597660000e+004, +2.46337387272e+005, +2.46578581696e+005, -8.14749715630e+001, -8.13417282040e+001
+3.27597847500e+004, +2.45202434232e+005, +2.45428380848e+005, -8.14186906850e+001, -8.12836054228e+001
+3.27598035000e+004, +2.44041555216e+005, +2.44276190092e+005, -8.13574403284e+001, -8.12248029766e+001
+3.27598222500e+004, +2.42886494898e+005, +2.43122008224e+005, -8.13086048425e+001, -8.11653092548e+001
+3.27598410000e+004, +2.41703022988e+005, +2.41965834147e+005, -8.12287523066e+001, -8.11051123853e+001
+3.27598597500e+004, +2.40557099372e+005, +2.40807666867e+005, -8.11761899085e+001, -8.10442002267e+001
+3.27598785000e+004, +2.39334588349e+005, +2.39647505501e+005, -8.11015110364e+001, -8.09825603609e+001
+3.27598972500e+004, +2.38246635646e+005, +2.38485349278e+005, -8.10441675056e+001, -8.09201800855e+001
+3.27599160000e+004, +2.37074707641e+005, +2.37321197545e+005, -8.09719487241e+001, -8.08570464052e+001
+3.27599347500e+004, +2.35954581316e+005, +2.36155049771e+005, -8.08965109565e+001, -8.07931460243e+001
+3.27599535000e+004, +2.34731666376e+005, +2.34986905550e+005, -8.08261008769e+001, -8.07284653369e+001
+3.27599722500e+004, +2.33599744469e+005, +2.33816764606e+005, -8.07772900382e+001, -8.06629904192e+001
+3.27599910000e+004, +2.32378739704e+005, +2.32644626798e+005, -8.07003892810e+001, -8.05967070193e+001
+3.27600097500e+004, +2.31278731177e+005, +2.31470492123e+005, -8.06203795034e+001, -8.05296005482e+001
+3.27600285000e+004, +2.30070875949e+005, +2.30294360723e+005, -8.05508113528e+001, -8.04616560697e+001
+3.27600472500e+004, +2.28952227921e+005, +2.29116232890e+005, -8.05033565752e+001, -8.03928582902e+001
+3.27600660000e+004, +2.27684135097e+005, +2.27936109069e+005, -8.04051900540e+001, -8.03231915483e+001
+3.27600847500e+004, +2.26494702976e+005, +2.26753989866e+005, -8.03484246707e+001, -8.02526398033e+001
+3.27601035000e+004, +2.25281109991e+005, +2.25569876053e+005, -8.02624993065e+001, -8.01811866246e+001
+3.27601222500e+004, +2.24123846996e+005, +2.24383768571e+005, -8.02017233044e+001, -8.01088151794e+001
+3.27601410000e+004, +2.22985528980e+005, +2.23195668541e+005, -8.01261329386e+001, -8.00355082209e+001
+3.27601597500e+004, +2.21766482534e+005, +2.22005577266e+005, -8.00376082158e+001, -7.99612480751e+001
+3.27601785000e+004, +2.20537903300e+005, +2.20813496241e+005, -7.99666327252e+001, -7.98860166287e+001
+3.27601972500e+004, +2.19388976113e+005, +2.19619427157e+005, -7.98781435393e+001, -7.98097953146e+001
+3.27602160000e+004, +2.18164475180e+005, +2.18423371909e+005, -7.98034873301e+001, -7.97325650986e+001
+3.27602347500e+004, +2.16958599412e+005, +2.17225332605e+005, -7.97182213722e+001, -7.96543064641e+001
+3.27602535000e+004, +2.15711287922e+005, +2.16025311571e+005, -7.96335820786e+001, -7.95749993981e+001
+3.27602722500e+004, +2.14614684402e+005, +2.14823311359e+005, -7.95654020894e+001, -7.94946233744e+001
+3.27602910000e+004, +2.13378615593e+005, +2.13619334758e+005, -7.94668745402e+001, -7.94131573382e+001
+3.27603097500e+004, +2.12170282459e+005, +2.12413384802e+005, -7.93840485084e+001, -7.93305796890e+001
+3.27603285000e+004, +2.10909136271e+005, +2.11205464773e+005, -7.92973705815e+001, -7.92468682631e+001
+3.27603472500e+004, +2.09747741640e+005, +2.09995578220e+005, -7.92185589578e+001, -7.91620003156e+001
+3.27603660000e+004, +2.08542954525e+005, +2.08783728960e+005, -7.91051384235e+001, -7.90759525013e+001
+3.27603847500e+004, +2.07323277469e+005, +2.07569921094e+005, -7.90200200412e+001, -7.89887008557e+001
+3.27604035000e+004, +2.06066290401e+005, +2.06354159013e+005, -7.89355452725e+001, -7.89002207743e+001
+3.27604222500e+004, +2.04870026870e+005, +2.05136447413e+005, -7.88541479258e+001, -7.88104869917e+001
+3.27604410000e+004, +2.03667327382e+005, +2.03916791301e+005, -7.87290128780e+001, -7.87194735596e+001
+3.27604597500e+004, +2.02431444604e+005, +2.02695196011e+005, -7.86514502138e+001, -7.86271538243e+001
+3.27604785000e+004, +2.01176378219e+005, +2.01471667217e+005, -7.85485766434e+001, -7.85335004029e+001
+3.27604972500e+004, +2.00004562794e+005, +2.00246210941e+005, -7.84622113721e+001, -7.84384851586e+001
+3.27605160000e+004, +1.98736517210e+005, +1.99018833570e+005, -7.83475672963e+001, -7.83420791758e+001
+3.27605347500e+004, +1.97533394821e+005, +1.97789541869e+005, -7.82513500557e+001, -7.82442527326e+001
+3.27605535000e+004, +1.96296504461e+005, +1.96558342994e+005, -7.81403751717e+001, -7.81449752740e+001
+3.27605722500e+004, +1.95079279622e+005, +1.95325244509e+005, -7.80481236923e+001, -7.80442153828e+001
+3.27605910000e+004, +1.93849578300e+005, +1.94090254401e+005, -7.79423509806e+001, -7.79419407497e+001
+3.27606097500e+004, +1.92573681087e+005, +1.92853381097e+005, -7.78210750801e+001, -7.78381181424e+001
+3.27606285000e+004, +1.91310113937e+005, +1.91614633476e+005, -7.77120456370e+001, -7.77327133728e+001
+3.27606472500e+004, +1.90130454479e+005, +1.90374020897e+005, -7.76150386600e+001, -7.76256912640e+001
+3.27606660000e+004, +1.88919009666e+005, +1.89131553208e+005, -7.74853074746e+001, -7.75170156143e+001
+3.27606847500e+004, +1.87622266746e+005, +1.87887240768e+005, -7.73696641112e+001, -7.74066491612e+001
+3.27607035000e+004, +1.86346101880e+005, +1.86641094471e+005, -7.72526266608e+001, -7.72945535432e+001
+3.27607222500e+004, +1.85156461390e+005, +1.85393125762e+005, -7.71575775750e+001, -7.71806892600e+001
+3.27607410000e+004, +1.83936656671e+005, +1.84143346662e+005, -7.70295187014e+001, -7.70650156310e+001
+3.27607597500e+004, +1.82629252730e+005, +1.82891769792e+005, -7.69052072596e+001, -7.69474907525e+001
+3.27607785000e+004, +1.81354045377e+005, +1.81638408394e+005, -7.67786569892e+001, -7.68280714522e+001
+3.27607972500e+004, +1.80158730301e+005, +1.80383276360e+005, -7.66547119811e+001, -7.67067132427e+001
+3.27608160000e+004, +1.78889883414e+005, +1.79126388252e+005, -7.65219841596e+001, -7.65833702722e+001
+3.27608347500e+004, +1.77587956485e+005, +1.77867759339e+005, -7.63945179480e+001, -7.64579952738e+001
+3.27608535000e+004, +1.76324737683e+005, +1.76607405618e+005, -7.62565885081e+001, -7.63305395117e+001
+3.27608722500e+004, +1.75077978142e+005, +1.75345343848e+005, -7.61394477607e+001, -7.62009527257e+001
+3.27608910000e+004, +1.73863454750e+005, +1.74081591582e+005, -7.59932399905e+001, -7.60691830736e+001
+3.27609097500e+004, +1.72575151952e+005, +1.72816167198e+005, -7.58503481955e+001, -7.59351770695e+001
+3.27609285000e+004, +1.71290995500e+005, +1.71549089935e+005, -7.57058570482e+001, -7.57988795212e+001
+3.27609472500e+004, +1.70057002834e+005, +1.70280379930e+005, -7.55759506471e+001, -7.56602334638e+001
+3.27609660000e+004, +1.68819336146e+005, +1.69010058258e+005, -7.54160931440e+001, -7.55191800901e+001
+3.27609847500e+004, +1.67517445182e+005, +1.67738146966e+005, -7.52608530670e+001, -7.53756586788e+001
+3.27610035000e+004, +1.66218051106e+005, +1.66464669123e+005, -7.51129853717e+001, -7.52296065184e+001
+3.27610222500e+004, +1.64958854931e+005, +1.65189648858e+005, -7.49748001586e+001, -7.50809588283e+001
+3.27610410000e+004, +1.63727196670e+005, +1.63913111410e+005, -7.48082056878e+001, -7.49296486762e+001
+3.27610597500e+004, +1.62412473854e+005, +1.62635083175e+005, -7.46368214497e+001, -7.47756068914e+001
+3.27610785000e+004, +1.61119526324e+005, +1.61355591760e+005, -7.44753665114e+001, -7.46187619742e+001
+3.27610972500e+004, +1.59865912561e+005, +1.60074666030e+005, -7.43285972203e+001, -7.44590400013e+001
+3.27611160000e+004, +1.58609823823e+005, +1.58792336174e+005, -7.41557019673e+001, -7.42963645267e+001
+3.27611347500e+004, +1.57295686192e+005, +1.57508633756e+005, -7.39688228830e+001, -7.41306564776e+001
+3.27611535000e+004, +1.56003998661e+005, +1.56223591786e+005, -7.37940226459e+001, -7.39618340461e+001
+3.27611722500e+004, +1.54750401346e+005, +1.54937244775e+005, -7.36251588830e+001, -7.37898125749e+001
+3.27611910000e+004, +1.53499831487e+005, +1.53649628814e+005, -7.34332476861e+001, -7.36145044385e+001
+3.27612097500e+004, +1.52179885482e+005, +1.52360781641e+005, -7.32494177319e+001, -7.34358189178e+001
+3.27612285000e+004, +1.50859217178e+005, +1.51070742724e+005, -7.30632389892e+001, -7.32536620701e+001
+3.27612472500e+004, +1.49610727515e+005, +1.49779553331e+005, -7.28829506368e+001, -7.30679365906e+001
+3.27612660000e+004, +1.48372624490e+005, +1.48487256629e+005, -7.26668048351e+001, -7.28785416702e+001
+3.27612847500e+004, +1.47027789814e+005, +1.47193897762e+005, -7.24650059355e+001, -7.26853728435e+001
+3.27613035000e+004, +1.45712991997e+005, +1.45899523952e+005, -7.22618282249e+001, -7.24883218315e+001
+3.27613222500e+004, +1.44454644278e+005, +1.44604184598e+005, -7.20743371314e+001, -7.22872763762e+001
+3.27613410000e+004, +1.43191776147e+005, +1.43307931380e+005, -7.18550915093e+001, -7.20821200663e+001
+3.27613597500e+004, +1.41869753357e+005, +1.42010818371e+005, -7.16245604451e+001, -7.18727321558e+001
+3.27613785000e+004, +1.40566381041e+005, +1.40712902156e+005, -7.14057504446e+001, -7.16589873725e+001
+3.27613972500e+004, +1.39282923684e+005, +1.39414241952e+005, -7.11935358060e+001, -7.14407557180e+001
+3.27614160000e+004, +1.38014529151e+005, +1.38114899745e+005, -7.09581349454e+001, -7.12179022578e+001
+3.27614347500e+004, +1.36713220582e+005, +1.36814940424e+005, -7.07116723120e+001, -7.09902869006e+001
+3.27614535000e+004, +1.35391896802e+005, +1.35514431927e+005, -7.04748532034e+001, -7.07577641678e+001
+3.27614722500e+004, +1.34102945080e+005, +1.34213445399e+005, -7.02496926243e+001, -7.05201829506e+001
+3.27614910000e+004, +1.32863912583e+005, +1.32912055357e+005, -6.99800430556e+001, -7.02773862566e+001
+3.27615097500e+004, +1.31551896186e+005, +1.31610339857e+005, -6.97140758916e+001, -7.00292109428e+001
+3.27615285000e+004, +1.30221134925e+005, +1.30308380684e+005, -6.94478302148e+001, -6.97754874366e+001
+3.27615472500e+004, +1.28928115138e+005, +1.29006263542e+005, -6.92008787993e+001, -6.95160394427e+001
+3.27615660000e+004, +1.27701134921e+005, +1.27704078263e+005, -6.89240155476e+001, -6.92506836364e+001
+3.27615847500e+004, +1.26384686789e+005, +1.26401919023e+005, -6.86248239601e+001, -6.89792293417e+001
+3.27616035000e+004, +1.25066383689e+005, +1.25099884574e+005, -6.83389166913e+001, -6.87014781951e+001
+3.27616222500e+004, +1.23777562669e+005, +1.23798078488e+005, -6.80704105969e+001, -6.84172237921e+001
+3.27616410000e+004, +1.22537083690e+005, +1.22496609418e+005, -6.77686656578e+001, -6.81262513183e+001
+3.27616597500e+004, +1.21231745080e+005, +1.21195591372e+005, -6.74425613200e+001, -6.78283371627e+001
+3.27616785000e+004, +1.19924444259e+005, +1.19895144005e+005, -6.71248972845e+001, -6.75232485144e+001
+3.27616972500e+004, +1.18641495413e+005, +1.18595392931e+005, -6.68206820878e+001, -6.72107429398e+001
+3.27617160000e+004, +1.17392525807e+005, +1.17296470048e+005, -6.64903253362e+001, -6.68905679418e+001
+3.27617347500e+004, +1.16096772898e+005, +1.15998513891e+005, -6.61426456056e+001, -6.65624605006e+001
+3.27617535000e+004, +1.14791110570e+005, +1.14701670001e+005, -6.57864293151e+001, -6.62261465926e+001
+3.27617722500e+004, +1.13513284489e+005, +1.13406091315e+005, -6.54537473992e+001, -6.58813406926e+001
+3.27617910000e+004, +1.12260529495e+005, +1.12111938588e+005, -6.50925653574e+001, -6.55277452537e+001
+3.27618097500e+004, +1.10988599931e+005, +1.10819380835e+005, -6.47057024156e+001, -6.51650501679e+001
+3.27618285000e+004, +1.09682559767e+005, +1.09528595800e+005, -6.43095656498e+001, -6.47929322071e+001
+3.27618472500e+004, +1.08394244249e+005, +1.08239770456e+005, -6.39389043092e+001, -6.44110544438e+001
+3.27618660000e+004, +1.07180675935e+005, +1.06953101538e+005, -6.35495261191e+001, -6.40190656533e+001
+3.27618847500e+004, +1.05898971627e+005, +1.05668796102e+005, -6.31186379732e+001, -6.36165996976e+001
+3.27619035000e+004, +1.04622528870e+005, +1.04387072128e+005, -6.26796152144e+001, -6.32032748921e+001
+3.27619222500e+004, +1.03358385431e+005, +1.03108159149e+005, -6.22696049929e+001, -6.27786933567e+001
+3.27619410000e+004, +1.02134700570e+005, +1.01832298929e+005, -6.18274854359e+001, -6.23424403538e+001
+3.27619597500e+004, +1.00882938538e+005, +1.00559746173e+005, -6.13559711703e+001, -6.18940836161e+001
+3.27619785000e+004, +9.96236548324e+004, +9.92907692868e+004, -6.08733647548e+001, -6.14331726659e+001
+3.27619972500e+004, +9.83744861006e+004, +9.80256511779e+004, -6.04106300652e+001, -6.09592381316e+001
+3.27620160000e+004, +9.71577553073e+004, +9.67646901040e+004, -5.99239049819e+001, -6.04717910655e+001
+3.27620347500e+004, +9.59259394713e+004, +9.55082005741e+004, -5.94015273321e+001, -5.99703222700e+001
+3.27620535000e+004, +9.46884792455e+004, +9.42565142962e+004, -5.88628922914e+001, -5.94543016373e+001
+3.27620722500e+004, +9.34587444364e+004, +9.30099811844e+004, -5.83435890052e+001, -5.89231775133e+001
+3.27620910000e+004, +9.22677976797e+004, +9.17689704160e+004, -5.77983905655e+001, -5.83763760944e+001
+3.27621097500e+004, +9.10653857403e+004, +9.05338715489e+004, -5.72133133586e+001, -5.78133008697e+001
+3.27621285000e+004, +8.98544019824e+004, +8.93050956953e+004, -5.66127844578e+001, -5.72333321222e+001
+3.27621472500e+004, +8.86539337646e+004, +8.80830767568e+004, -5.60271147422e+001, -5.66358265061e+001
+3.27621660000e+004, +8.74844277371e+004, +8.68682727180e+004, -5.54203141233e+001, -5.60201167186e+001
+3.27621847500e+004, +8.63063288290e+004, +8.56611669969e+004, -5.47681130295e+001, -5.53855112856e+001
+3.27622035000e+004, +8.51369653894e+004, +8.44622698586e+004, -5.40923324030e+001, -5.47312944924e+001
+3.27622222500e+004, +8.39619928710e+004, +8.32721198800e+004, -5.34344074357e+001, -5.40567264802e+001
+3.27622410000e+004, +8.28266203251e+004, +8.20912854709e+004, -5.27519402145e+001, -5.33610435480e+001
+3.27622597500e+004, +8.17025780695e+004, +8.09203664430e+004, -5.20227736712e+001, -5.26434586928e+001
+3.27622785000e+004, +8.05603397080e+004, +7.97599956183e+004, -5.12734364887e+001, -5.19031624301e+001
+3.27622972500e+004, +7.94396720534e+004, +7.86108404739e+004, -5.05279531724e+001, -5.11393239426e+001
+3.27623160000e+004, +7.83456881044e+004, +7.74736048103e+004, -4.97646882039e+001, -5.03510926096e+001
+3.27623347500e+004, +7.72610126688e+004, +7.63490304250e+004, -4.89514802833e+001, -4.95375999701e+001
+3.27623535000e+004, +7.61763608174e+004, +7.52378987840e+004, -4.81069125685e+001, -4.86979621878e+001
+3.27623722500e+004, +7.51148119536e+004, +7.41410326625e+004, -4.72607081157e+001, -4.78312830813e+001
+3.27623910000e+004, +7.40739758637e+004, +7.30592977354e+004, -4.63988918452e+001, -4.69366577953e+001
+3.27624097500e+004, +7.30438124085e+004, +7.19936040879e+004, -4.54880362489e+001, -4.60131771888e+001
+3.27624285000e+004, +7.20220477736e+004, +7.09449076101e+004, -4.45354987541e+001, -4.50599330182e+001
+3.27624472500e+004, +7.10164023341e+004, +6.99142112406e+004, -4.35944268454e+001, -4.40760240028e+001
+3.27624660000e+004, +7.00430148139e+004, +6.89025660071e+004, -4.26175695279e+001, -4.30605628455e+001
+3.27624847500e+004, +6.90829423864e+004, +6.79110718191e+004, -4.15965932007e+001, -4.20126842946e+001
+3.27625035000e+004, +6.81350033226e+004, +6.69408779494e+004, -4.05352402607e+001, -4.09315543114e+001
+3.27625222500e+004, +6.72048766149e+004, +6.59931831427e+004, -3.94696368318e+001, -3.98163804075e+001
+3.27625410000e+004, +6.63099656326e+004, +6.50692352800e+004, -3.83748166070e+001, -3.86664231936e+001
+3.27625597500e+004, +6.54347445267e+004, +6.41703305164e+004, -3.72315438927e+001, -3.74810091536e+001
+3.27625785000e+004, +6.45818461355e+004, +6.32978118232e+004, -3.60467892925e+001, -3.62595446487e+001
+3.27625972500e+004, +6.37426347972e+004, +6.24530668331e+004, -3.48538184212e+001, -3.50015310825e+001
+3.27626160000e+004, +6.29384604855e+004, +6.16375249182e+004, -3.36328036182e+001, -3.37065811521e+001
+3.27626347500e+004, +6.21654744358e+004, +6.08526534045e+004, -3.23583306753e+001, -3.23744360203e+001
+3.27626535000e+004, +6.14153025486e+004, +6.00999528499e+004, -3.10447859540e+001, -3.10049832016e+001
+3.27626722500e+004, +6.06885746582e+004, +5.93809513123e+004, -2.97196087121e+001, -2.95982748753e+001
+3.27626910000e+004, +5.99990180785e+004, +5.86971975523e+004, -2.83657881797e+001, -2.81545462645e+001
+3.27627097500e+004, +5.93397745732e+004, +5.80502531310e+004, -2.69626697532e+001, -2.66742336378e+001
+3.27627285000e+004, +5.87118981672e+004, +5.74416833945e+004, -2.55121943057e+001, -2.51579914243e+001
+3.27627472500e+004, +5.81104103815e+004, +5.68730473588e+004, -2.40541492330e+001, -2.36067078449e+001
+3.27627660000e+004, +5.75532694017e+004, +5.63458865528e+004, -2.25665755704e+001, -2.20215184229e+001
+3.27627847500e+004, +5.70317999031e+004, +5.58617129173e+004, -2.10297810454e+001, -2.04038166930e+001
+3.27628035000e+004, +5.65438381994e+004, +5.54219958989e+004, -1.94476730166e+001, -1.87552614160e+001
+3.27628222500e+004, +5.60949160447e+004, +5.50281489300e+004, -1.78647679254e+001, -1.70777796381e+001
+3.27628410000e+004, +5.56889115140e+004, +5.46815155287e+004, -1.62537159612e+001, -1.53735649873e+001
+3.27628597500e+004, +5.53192565822e+004, +5.43833552974e+004, -1.45972517797e+001, -1.36450707256e+001
+3.27628785000e+004, +5.49964137112e+004, +5.41348301335e+004, -1.29068037984e+001, -1.18949972008e+001
+3.27628972500e+004, +5.47155512026e+004, +5.39369909920e+004, -1.12159943718e+001, -1.01262735519e+001
+3.27629160000e+004, +5.44787352858e+004, +5.37907655536e+004, -9.50936333771e+000, -8.34203374115e+000
+3.27629347500e+004, +5.42933090359e+004, +5.36969471477e+004, -7.75887877735e+000, -6.54558721408e+000
+3.27629535000e+004, +5.41509312841e+004, +5.36561852620e+004, -5.98067682901e+000, -4.74038476084e+000
+3.27629722500e+004, +5.40578829490e+004, +5.36689779338e+004, -4.21556738968e+000, -2.92998036996e+000
+3.27629910000e+004, +5.40146552069e+004, +5.37356662623e+004, -2.43706082599e+000, -1.11799008507e+000
+3.27630097500e+004, +5.40268885241e+004, +5.38564312190e+004, -6.32847962131e-001, +6.91950976561e-001
+3.27630285000e+004, +5.40898539195e+004, +5.40312928507e+004, +1.18824964841e+000, +2.49623217239e+000
+3.27630472500e+004, +5.42057510381e+004, +5.42601118925e+004, +2.98883243970e+000, +4.29131015046e+000
+3.27630660000e+004, +5.43710328729e+004, +5.45425937204e+004, +4.78304059019e+000, +6.07374968861e+000
+3.27630847500e+004, +5.45978030002e+004, +5.48782944958e+004, +6.59592670808e+000, +7.84026138671e+000
+3.27631035000e+004, +5.48765775762e+004, +5.52666292862e+004, +8.40743242460e+000, +9.58773525171e+000
+3.27631222500e+004, +5.52148921175e+004, +5.57068818879e+004, +1.01857321374e+001, +1.13132693914e+001
+3.27631410000e+004, +5.56066423202e+004, +5.61982160375e+004, +1.19410213031e+001, +1.30141932948e+001
+3.27631597500e+004, +5.60542524334e+004, +5.67396876706e+004, +1.37001561618e+001, +1.46880854045e+001
+3.27631785000e+004, +5.65591354737e+004, +5.73302578900e+004, +1.54487918440e+001, +1.63327849617e+001
+3.27631972500e+004, +5.71203586631e+004, +5.79688062979e+004, +1.71483502191e+001, +1.79463982778e+001
+3.27632160000e+004, +5.77342367637e+004, +5.86541443853e+004, +1.88129944284e+001, +1.95272998163e+001
+3.27632347500e+004, +5.84063040471e+004, +5.93850286915e+004, +2.04690809647e+001, +2.10741285837e+001
+3.27632535000e+004, +5.91340499999e+004, +6.01601734915e+004, +2.20988580227e+001, +2.25857804418e+001
+3.27632722500e+004, +5.99137322251e+004, +6.09782628134e+004, +2.36706504836e+001, +2.40613970137e+001
+3.27632910000e+004, +6.07364727875e+004, +6.18379616308e+004, +2.51993714131e+001, +2.55003518732e+001
+3.27633097500e+004, +6.16150531549e+004, +6.27379261213e+004, +2.67040980341e+001, +2.69022346946e+001
+3.27633285000e+004, +6.25447535238e+004, +6.36768129175e+004, +2.81823780031e+001, +2.82668339974e+001
+3.27633472500e+004, +6.35188729202e+004, +6.46532873243e+004, +2.95958249330e+001, +2.95941190703e+001
+3.27633660000e+004, +6.45315222531e+004, +6.56660304954e+004, +3.09553916155e+001, +3.08842215794e+001
+3.27633847500e+004, +6.55845226800e+004, +6.67137455942e+004, +3.23037342444e+001, +3.21374172875e+001
+3.27634035000e+004, +6.66862932320e+004, +6.77951629875e+004, +3.36130822339e+001, +3.33541082457e+001
+3.27634222500e+004, +6.78320315789e+004, +6.89090445262e+004, +3.48509436855e+001, +3.45348057237e+001
+3.27634410000e+004, +6.89951249947e+004, +7.00541869842e+004, +3.60478292416e+001, +3.56801140885e+001
+3.27634597500e+004, +7.02017714958e+004, +7.12294247333e+004, +3.72262817339e+001, +3.67907157759e+001
+3.27634785000e+004, +7.14461233159e+004, +7.24336317301e+004, +3.83729873545e+001, +3.78673574421e+001
+3.27634972500e+004, +7.27278923124e+004, +7.36657228956e+004, +3.94558295456e+001, +3.89108373383e+001
+3.27635160000e+004, +7.40252573107e+004, +7.49246549625e+004, +4.04908180663e+001, +3.99219939163e+001
+3.27635347500e+004, +7.53408825853e+004, +7.62094268611e+004, +4.15216836694e+001, +4.09016956379e+001
+3.27635535000e+004, +7.67040678301e+004, +7.75190797189e+004, +4.25187811848e+001, +4.18508319498e+001
+3.27635722500e+004, +7.80977659413e+004, +7.88526965261e+004, +4.34509555712e+001, +4.27703053546e+001
+3.27635910000e+004, +7.94887737662e+004, +8.02094015312e+004, +4.43575441919e+001, +4.36610245116e+001
+3.27636097500e+004, +8.09174832135e+004, +8.15883594171e+004, +4.52491704453e+001, +4.45238982886e+001
+3.27636285000e+004, +8.23678964573e+004, +8.29887742951e+004, +4.61170209989e+001, +4.53598306793e+001
+3.27636472500e+004, +8.38449731737e+004, +8.44098885670e+004, +4.69333913617e+001, +4.61697165094e+001
+3.27636660000e+004, +8.53227314560e+004, +8.58509816807e+004, +4.77163683882e+001, +4.69544378496e+001
+3.27636847500e+004, +8.68247682491e+004, +8.73113688155e+004, +4.84954579552e+001, +4.77148610596e+001
+3.27637035000e+004, +8.83617078145e+004, +8.87903995130e+004, +4.92590156682e+001, +4.84518343885e+001
+3.27637222500e+004, +8.99162639183e+004, +9.02874562863e+004, +4.99634756252e+001, +4.91661860689e+001
+3.27637410000e+004, +9.14642221889e+004, +9.18019532145e+004, +5.06429937145e+001, +4.98587228383e+001
+3.27637597500e+004, +9.30295440678e+004, +9.33333345420e+004, +5.13318422238e+001, +5.05302288336e+001
+3.27637785000e+004, +9.46500795381e+004, +9.48810732955e+004, +5.19971813147e+001, +5.11814648077e+001
+3.27637972500e+004, +9.62605166567e+004, +9.64446699253e+004, +5.26121909473e+001, +5.18131676216e+001
+3.27638160000e+004, +9.78637412375e+004, +9.80236509784e+004, +5.32132002501e+001, +5.24260499701e+001
+3.27638347500e+004, +9.95005717745e+004, +9.96175678096e+004, +5.38180353601e+001, +5.30208003061e+001
+3.27638535000e+004, +1.01171601080e+005, +1.01225995337e+005, +5.44071464968e+001, +5.35980829318e+001
+3.27638722500e+004, +1.02843943126e+005, +1.02848530843e+005, +5.49429788069e+001, +5.41585382264e+001
+3.27638910000e+004, +1.04491553710e+005, +1.04484792816e+005, +5.54791941571e+001, +5.47027829874e+001
+3.27639097500e+004, +1.06177717688e+005, +1.06134419854e+005, +5.60180997539e+001, +5.52314108653e+001
+3.27639285000e+004, +1.07904061746e+005, +1.07797069605e+005, +5.65401816854e+001, +5.57449928689e+001
+3.27639472500e+004, +1.09622279997e+005, +1.09472417760e+005, +5.70038458126e+001, +5.62440779303e+001
+3.27639660000e+004, +1.11326313301e+005, +1.11160157098e+005, +5.74750177926e+001, +5.67291935125e+001
+3.27639847500e+004, +1.13041850423e+005, +1.12859996574e+005, +5.79628189083e+001, +5.72008462492e+001
+3.27640035000e+004, +1.14825875893e+005, +1.14571660455e+005, +5.84284734728e+001, +5.76595226066e+001
+3.27640222500e+004, +1.16598159307e+005, +1.16294887502e+005, +5.88443653773e+001, +5.81056895599e+001
+3.27640410000e+004, +1.18318878191e+005, +1.18029430189e+005, +5.92636591024e+001, +5.85397952743e+001
+3.27640597500e+004, +1.20112018627e+005, +1.19775053977e+005, +5.97001326858e+001, +5.89622697904e+001
+3.27640785000e+004, +1.21926315100e+005, +1.21531536610e+005, +6.01231872660e+001, +5.93735257018e+001
+3.27640972500e+004, +1.23722773947e+005, +1.23298667468e+005, +6.04859414346e+001, +5.97739588279e+001
+3.27641160000e+004, +1.25480595950e+005, +1.25076246937e+005, +6.08617520933e+001, +6.01639488739e+001
+3.27641347500e+004, +1.27326521974e+005, +1.26864085831e+005, +6.12528696521e+001, +6.05438600773e+001
+3.27641535000e+004, +1.29178827479e+005, +1.28662004840e+005, +6.16279692719e+001, +6.09140418403e+001
+3.27641722500e+004, +1.31010002521e+005, +1.30469834001e+005, +6.19565582494e+001, +6.12748293423e+001
+3.27641910000e+004, +1.32810234988e+005, +1.32287412215e+005, +6.22977262597e+001, +6.16265441367e+001
+3.27642097500e+004, +1.34698379220e+005, +1.34114586776e+005, +6.26582308011e+001, +6.19694947269e+001
+3.27642285000e+004, +1.36585544497e+005, +1.35951212938e+005, +6.29906753055e+001, +6.23039771232e+001
+3.27642472500e+004, +1.38461739393e+005, +1.37797153502e+005, +6.32864212494e+001, +6.26302753798e+001
+3.27642660000e+004, +1.40273701810e+005, +1.39652278423e+005, +6.35972874084e+001, +6.29486621113e+001
+3.27642847500e+004, +1.42211254878e+005, +1.41516464451e+005, +6.39208046754e+001, +6.32593989906e+001
+3.27643035000e+004, +1.44144177312e+005, +1.43389594776e+005, +6.42295008594e+001, +6.35627372247e+001
+3.27643222500e+004, +1.46039141917e+005, +1.45271558708e+005, +6.44869788617e+001, +6.38589180129e+001
+3.27643410000e+004, +1.47883779873e+005, +1.47162251366e+005, +6.47721215772e+001, +6.41481729856e+001
+3.27643597500e+004, +1.49863380703e+005, +1.49061573390e+005, +6.50724786146e+001, +6.44307246234e+001
+3.27643785000e+004, +1.51818895741e+005, +1.50969430665e+005, +6.53452221882e+001, +6.47067866598e+001
+3.27643972500e+004, +1.53720648473e+005, +1.52885734065e+005, +6.55777584659e+001, +6.49765644648e+001
+3.27644160000e+004, +1.55627955456e+005, +1.54810399207e+005, +6.58470618191e+001, +6.52402554119e+001
+3.27644347500e+004, +1.57628156426e+005, +1.56743346222e+005, +6.61204064624e+001, +6.54980492294e+001
+3.27644535000e+004, +1.59636786861e+005, +1.58684499537e+005, +6.63667192567e+001, +6.57501283352e+001
+3.27644722500e+004, +1.61585540034e+005, +1.60633787669e+005, +6.65902427240e+001, +6.59966681562e+001
+3.27644910000e+004, +1.63477247940e+005, +1.62591143035e+005, +6.68242629191e+001, +6.62378374337e+001
+3.27645097500e+004, +1.65541978769e+005, +1.64556501762e+005, +6.70755305678e+001, +6.64737985146e+001
+3.27645285000e+004, +1.67554365861e+005, +1.66529803521e+005, +6.72973977808e+001, +6.67047076289e+001
+3.27645472500e+004, +1.69552930976e+005, +1.68510991359e+005, +6.75025072462e+001, +6.69307151548e+001
+3.27645660000e+004, +1.71478154617e+005, +1.70500011545e+005, +6.77289298698e+001, +6.71519658710e+001
+3.27645847500e+004, +1.73560803865e+005, +1.72496813425e+005, +6.79531986883e+001, +6.73685991978e+001
+3.27646035000e+004, +1.75592320275e+005, +1.74501349284e+005, +6.81609063410e+001, +6.75807494267e+001
+3.27646222500e+004, +1.77574119984e+005, +1.76513574211e+005, +6.83328542037e+001, +6.77885459393e+001
+3.27646410000e+004, +1.79563906188e+005, +1.78533445980e+005, +6.85541567000e+001, +6.79921134161e+001
+3.27646597500e+004, +1.81671875608e+005, +1.80560924929e+005, +6.87640180415e+001, +6.81915720358e+001
+3.27646785000e+004, +1.83809142839e+005, +1.82595973851e+005, +6.89432733474e+001, +6.83870376649e+001
+3.27646972500e+004, +1.85798415029e+005, +1.84638557888e+005, +6.91221028577e+001, +6.85786220387e+001
+3.27647160000e+004, +1.87811970199e+005, +1.86688644431e+005, +6.93109922282e+001, +6.87664329340e+001
+3.27647347500e+004, +1.89959203569e+005, +1.88746203025e+005, +6.95119947051e+001, +6.89505743337e+001
+3.27647535000e+004, +1.92077801560e+005, +1.90811205281e+005, +6.96944147629e+001, +6.91311465839e+001
+3.27647722500e+004, +1.94096976800e+005, +1.92883624787e+005, +6.98375636771e+001, +6.93082465437e+001
+3.27647910000e+004, +1.96171125728e+005, +1.94963437032e+005, +7.00212107150e+001, +6.94819677278e+001
+3.27648097500e+004, +1.98308794373e+005, +1.97050619327e+005, +7.01994562979e+001, +6.96524004433e+001
+3.27648285000e+004, +2.00477253293e+005, +1.99145150734e+005, +7.03698037032e+001, +6.98196319195e+001
+3.27648472500e+004, +2.02521904796e+005, +2.01247011990e+005, +7.05087471470e+001, +6.99837464322e+001
+3.27648660000e+004, +2.04594620983e+005, +2.03356185456e+005, +7.06847700722e+001, +7.01448254223e+001
+3.27648847500e+004, +2.06812650750e+005, +2.05472655035e+005, +7.08347957834e+001, +7.03029476088e+001
+3.27649035000e+004, +2.08958582186e+005, +2.07596406133e+005, +7.09861672746e+001, +7.04581890972e+001
+3.27649222500e+004, +2.11104100587e+005, +2.09727425588e+005, +7.11207756475e+001, +7.06106234822e+001
+3.27649410000e+004, +2.13166910353e+005, +2.11865701621e+005, +7.12823143142e+001, +7.07603219470e+001
+3.27649597500e+004, +2.15415829541e+005, +2.14011223789e+005, +7.14310211053e+001, +7.09073533570e+001
+3.27649785000e+004, +2.17579502384e+005, +2.16163982930e+005, +7.15722674798e+001, +7.10517843496e+001
+3.27649972500e+004, +2.19751776623e+005, +2.18323971121e+005, +7.17007976502e+001, +7.11936794213e+001
+3.27650160000e+004, +2.21862504042e+005, +2.20491181636e+005, +7.18583413328e+001, +7.13331010086e+001
+3.27650347500e+004, +2.24121775896e+005, +2.22665608898e+005, +7.20056330683e+001, +7.14701095679e+001
+3.27650535000e+004, +2.26371277041e+005, +2.24847248444e+005, +7.21228795682e+001, +7.16047636497e+001
+3.27650722500e+004, +2.28520003960e+005, +2.27036096887e+005, +7.22407545232e+001, +7.17371199712e+001
+3.27650910000e+004, +2.30687106201e+005, +2.29232151877e+005, +7.23883453712e+001, +7.18672334849e+001
+3.27651097500e+004, +2.32957870699e+005, +2.31435412069e+005, +7.25073279313e+001, +7.19951574444e+001
+3.27651285000e+004, +2.35163322355e+005, +2.33645877091e+005, +7.26509073261e+001, +7.21209434679e+001
+3.27651472500e+004, +2.37353237832e+005, +2.35863547509e+005, +7.27399359511e+001, +7.22446415979e+001
+3.27651660000e+004, +2.39579075042e+005, +2.38088424801e+005, +7.28826050935e+001, +7.23663003596e+001
+3.27651847500e+004, +2.41906345892e+005, +2.40320511328e+005, +7.29965798820e+001, +7.24859668159e+001
+3.27652035000e+004, +2.44178182256e+005, +2.42559810304e+005, +7.31239975385e+001, +7.26036866205e+001
+3.27652222500e+004, +2.46326227894e+005, +2.44806325774e+005, +7.32289831795e+001, +7.27195040691e+001
+3.27652410000e+004, +2.48548021099e+005, +2.47060062587e+005, +7.33420857302e+001, +7.28334621475e+001
+3.27652597500e+004, +2.51009114249e+005, +2.49321026372e+005, +7.34529245925e+001, +7.29456025786e+001
+3.27652785000e+004, +2.53270032845e+005, +2.51589223517e+005, +7.35755545746e+001, +7.30559658673e+001
+3.27652972500e+004, +2.55485250796e+005, +2.53864661149e+005, +7.36599733590e+001, +7.31645913433e+001
+3.27653160000e+004, +2.57791877186e+005, +2.56147347108e+005, +7.37901091141e+001, +7.32715172022e+001
+3.27653347500e+004, +2.60095756465e+005, +2.58437289934e+005, +7.38801215648e+001, +7.33767805452e+001
+3.27653535000e+004, +2.62425735475e+005, +2.60734498842e+005, +7.39971750075e+001, +7.34804174166e+001
+3.27653722500e+004, +2.64746235868e+005, +2.63038983711e+005, +7.40757531231e+001, +7.35824628410e+001
+3.27653910000e+004, +2.66974166671e+005, +2.65350755060e+005, +7.42037107928e+001, +7.36829508573e+001
+3.27654097500e+004, +2.69415139337e+005, +2.67669824039e+005, +7.42976904043e+001, +7.37819145530e+001
+3.27654285000e+004, +2.71697578253e+005, +2.69996202405e+005, +7.44010475782e+001, +7.38793860959e+001
+3.27654472500e+004, +2.73969865837e+005, +2.72329902512e+005, +7.44734115074e+001, +7.39753967654e+001
+3.27654660000e+004, +2.76371628361e+005, +2.74670937300e+005, +7.45878413739e+001, +7.40699769820e+001
+3.27654847500e+004, +2.78756126604e+005, +2.77019320273e+005, +7.46648239715e+001, +7.41631563363e+001
+3.27655035000e+004, +2.81228638800e+005, +2.79375065495e+005, +7.47651588833e+001, +7.42549636158e+001
+3.27655222500e+004, +2.83457527299e+005, +2.81738187570e+005, +7.48508172024e+001, +7.43454268320e+001
+3.27655410000e+004, +2.85885929048e+005, +2.84108701634e+005, +7.49480660289e+001, +7.44345732453e+001
+3.27655597500e+004, +2.88331362520e+005, +2.86486623342e+005, +7.50425726765e+001, +7.45224293897e+001
+3.27655785000e+004, +2.90772099046e+005, +2.88871968861e+005, +7.51140558240e+001, +7.46090210963e+001
+3.27655972500e+004, +2.92994382840e+005, +2.91264754854e+005, +7.51857386354e+001, +7.46943735160e+001
+3.27656160000e+004, +2.95459014736e+005, +2.93664998474e+005, +7.53044366956e+001, +7.47785111408e+001
+3.27656347500e+004, +2.97913734400e+005, +2.96072717352e+005, +7.53825264208e+001, +7.48614578255e+001
+3.27656535000e+004, +3.00350787905e+005, +2.98487929591e+005, +7.54718187532e+001, +7.49432368071e+001
+3.27656722500e+004, +3.02823088856e+005, +3.00910653754e+005, +7.55389501783e+001, +7.50238707248e+001
+3.27656910000e+004, +3.05304301597e+005, +3.03340908857e+005, +7.56208013262e+001, +7.51033816387e+001
+3.27657097500e+004, +3.07671636387e+005, +3.05778714363e+005, +7.56957717148e+001, +7.51817910473e+001
+3.27657285000e+004, +3.10238261960e+005, +3.08224090171e+005, +7.57914000298e+001, +7.52591199056e+001
+3.27657472500e+004, +3.12563030012e+005, +3.10677056611e+005, +7.58360619718e+001, +7.53353886411e+001
+3.27657660000e+004, +3.15063041224e+005, +3.13137634437e+005, +7.59541115607e+001, +7.54106171706e+001
+3.27657847500e+004, +3.17576832271e+005, +3.15605844820e+005, +7.60011692083e+001, +7.54848249154e+001
+3.27658035000e+004, +3.20127136528e+005, +3.18081709341e+005, +7.60872607958e+001, +7.55580308164e+001
+3.27658222500e+004, +3.22434365254e+005, +3.20565249985e+005, +7.61637834100e+001, +7.56302533486e+001
+3.27658410000e+004, +3.25017207194e+005, +3.23056489138e+005, +7.62376259926e+001, +7.57015105348e+001
+3.27658597500e+004, +3.27621656670e+005, +3.25555449578e+005, +7.62977673980e+001, +7.57718199595e+001
+3.27658785000e+004, +3.30033857716e+005, +3.28062154473e+005, +7.63780126207e+001, +7.58411987817e+001
+3.27658972500e+004, +3.32565341122e+005, +3.30576627370e+005, +7.64346355671e+001, +7.59096637474e+001
+3.27659160000e+004, +3.35088292938e+005, +3.33098892200e+005, +7.65169993989e+001, +7.59772312018e+001
+3.27659347500e+004, +3.37714861137e+005, +3.35628973263e+005, +7.65760474486e+001, +7.60439171007e+001
+3.27659535000e+004, +3.40368171969e+005, +3.38166895232e+005, +7.66454914563e+001, +7.61097370223e+001
+3.27659722500e+004, +3.42678110385e+005, +3.40712683146e+005, +7.66946284321e+001, +7.61747061779e+001
+3.27659910000e+004, +3.45361973511e+005, +3.43266362401e+005, +7.67713542332e+001, +7.62388394220e+001
+3.27660097500e+004, +3.47856145130e+005, +3.45827958757e+005, +7.68282367609e+001, +7.63021512634e+001
+3.27660285000e+004, +3.50608714780e+005, +3.48397498325e+005, +7.69083257644e+001, +7.63646558741e+001
+3.27660472500e+004, +3.53066900819e+005, +3.50975007568e+005, +7.69728451937e+001, +7.64263670994e+001
+3.27660660000e+004, +3.55669202330e+005, +3.53560513297e+005, +7.70320581609e+001, +7.64872984668e+001
+3.27660847500e+004, +3.58434701946e+005, +3.56154042667e+005, +7.71096651406e+001, +7.65474631952e+001
+3.27661035000e+004, +3.60974235595e+005, +3.58755623177e+005, +7.71627940591e+001, +7.66068742031e+001
+3.27661222500e+004, +3.63413142936e+005, +3.61365282664e+005, +7.72158175282e+001, +7.66655441173e+001
+3.27661410000e+004, +3.66281586485e+005, +3.63983049304e+005, +7.72857496943e+001, +7.67234852805e+001
+3.27661597500e+004, +3.68934260732e+005, +3.66608951604e+005, +7.73486960507e+001, +7.67807097595e+001
+3.27661785000e+004, +3.71461612463e+005, +3.69243018407e+005, +7.73999649967e+001, +7.68372293527e+001
+3.27661972500e+004, +3.73909549434e+005, +3.71885278883e+005, +7.74454967521e+001, +7.68930555970e+001
+3.27662160000e+004, +3.76823383933e+005, +3.74535762534e+005, +7.75116708895e+001, +7.69481997753e+001
+3.27662347500e+004, +3.79472006536e+005, +3.77194499185e+005, +7.75687388218e+001, +7.70026729230e+001
+3.27662535000e+004, +3.82108131384e+005, +3.79861518988e+005, +7.76128728824e+001, +7.70564858350e+001
+3.27662722500e+004, +3.84732602016e+005, +3.82536852416e+005, +7.76569004631e+001, +7.71096490714e+001
+3.27662910000e+004, +3.87539821125e+005, +3.85220530266e+005, +7.77324928928e+001, +7.71621729647e+001
+3.27663097500e+004, +3.90299426739e+005, +3.87912583652e+005, +7.77696601216e+001, +7.72140676249e+001
+3.27663285000e+004, +3.93067071702e+005, +3.90613044010e+005, +7.78383891479e+001, +7.72653429458e+001
+3.27663472500e+004, +3.95607683203e+005, +3.93321943093e+005, +7.78876513236e+001, +7.73160086106e+001
+3.27663660000e+004, +3.98460295617e+005, +3.96039312969e+005, +7.79580199509e+001, +7.73660740972e+001
+3.27663847500e+004, +4.01065621549e+005, +3.98765186024e+005, +7.79984039056e+001, +7.74155486836e+001
+3.27664035000e+004, +4.03936465510e+005, +4.01499594957e+005, +7.80263620124e+001, +7.74644414532e+001
+3.27664222500e+004, +4.06718506885e+005, +4.04242572782e+005, +7.80846216396e+001, +7.75127612993e+001
+3.27664410000e+004, +4.09332166039e+005, +4.06994152826e+005, +7.81530967006e+001, +7.75605169306e+001
+3.27664597500e+004, +4.12176430517e+005, +4.09754368729e+005, +7.81963293627e+001, +7.76077168753e+001
+3.27664785000e+004, +4.15017859664e+005, +4.12523254443e+005, +7.82214049153e+001, +7.76543694860e+001
+3.27664972500e+004, +4.17688374561e+005, +4.15300844233e+005, +7.82725974035e+001, +7.77004829439e+001
+3.27665160000e+004, +4.20476236256e+005, +4.18087172672e+005, +7.83417693183e+001, +7.77460652633e+001
+3.27665347500e+004, +4.23326250018e+005, +4.20882274648e+005, +7.83775821376e+001, +7.77911242953e+001
+3.27665535000e+004, +4.26121011502e+005, +4.23686185358e+005, +7.84485690647e+001, +7.78356677326e+001
+3.27665722500e+004, +4.28835925420e+005, +4.26498940310e+005, +7.84736023876e+001, +7.78797031125e+001
+3.27665910000e+004, +4.31728362922e+005, +4.29320575324e+005, +7.85310275280e+001, +7.79232378215e+001
+3.27666097500e+004, +4.34512196779e+005, +4.32151126529e+005, +7.85782481287e+001, +7.79662790984e+001
+3.27666285000e+004, +4.37515046188e+005, +4.34990630366e+005, +7.86333832555e+001, +7.80088340383e+001
+3.27666472500e+004, +4.40364816818e+005, +4.37839123586e+005, +7.86509031723e+001, +7.80509095957e+001
+3.27666660000e+004, +4.43234693339e+005, +4.40696643252e+005, +7.87020929421e+001, +7.80925125883e+001
+3.27666847500e+004, +4.46028971867e+005, +4.43563226739e+005, +7.87428191754e+001, +7.81336496998e+001
+3.27667035000e+004, +4.49003135398e+005, +4.46438911733e+005, +7.87984950560e+001, +7.81743274834e+001
+3.27667222500e+004, +4.51713524460e+005, +4.49323736233e+005, +7.88280695507e+001, +7.82145523650e+001
+3.27667410000e+004, +4.54799108541e+005, +4.52217738549e+005, +7.88897314558e+001, +7.82543306458e+001
+3.27667597500e+004, +4.57711545971e+005, +4.55120957309e+005, +7.89078749493e+001, +7.82936685056e+001
+3.27667785000e+004, +4.60656518414e+005, +4.58033431447e+005, +7.89489785074e+001, +7.83325720055e+001
+3.27667972500e+004, +4.63547144318e+005, +4.60955200219e+005, +7.90010905077e+001, +7.83710470906e+001
+3.27668160000e+004, +4.66562493466e+005, +4.63886303192e+005, +7.90734536938e+001, +7.84090995929e+001
+3.27668347500e+004, +4.69547661148e+005, +4.66826780252e+005, +7.90485702035e+001, +7.84467352335e+001
+3.27668535000e+004, +4.72395016905e+005, +4.69776671597e+005, +7.91314532841e+001, +7.84839596256e+001
+3.27668722500e+004, +4.75411248284e+005, +4.72736017748e+005, +7.91208008943e+001, +7.85207782768e+001
+3.27668910000e+004, +4.78429410746e+005, +4.75704859542e+005, +7.92291467387e+001, +7.85571965914e+001
+3.27669097500e+004, +4.81533217690e+005, +4.78683238135e+005, +7.92444661047e+001, +7.85932198729e+001
+3.27669285000e+004, +4.84562114136e+005, +4.81671195005e+005, +7.92697574660e+001, +7.86288533261e+001
+3.27669472500e+004, +4.87449277969e+005, +4.84668771951e+005, +7.93180553146e+001, +7.86641020595e+001
+3.27669660000e+004, +4.90347408650e+005, +4.87676011094e+005, +7.93429572365e+001, +7.86989710873e+001
+3.27669847500e+004, +4.93437536983e+005, +4.90692954880e+005, +7.94118763428e+001, +7.87334653316e+001
+3.27670035000e+004, +4.96428019339e+005, +4.93719646081e+005, +7.94393282342e+001, +7.87675896243e+001
+3.27670222500e+004, +4.99456933916e+005, +4.96756127792e+005, +7.94609653899e+001, +7.88013487095e+001
+3.27670410000e+004, +5.02754832189e+005, +4.99802443438e+005, +7.95043142637e+001, +7.88347472447e+001
+3.27670597500e+004, +5.05623426281e+005, +5.02858636775e+005, +7.95384932675e+001, +7.88677898035e+001
+3.27670785000e+004, +5.08927919172e+005, +5.05924751885e+005, +7.95822074159e+001, +7.89004808768e+001
+3.27670972500e+004, +5.11822778747e+005, +5.09000833186e+005, +7.96112121322e+001, +7.89328248750e+001
+3.27671160000e+004, +5.14959063818e+005, +5.12086925427e+005, +7.96445639950e+001, +7.89648261293e+001
+3.27671347500e+004, +5.18034746503e+005, +5.15183073691e+005, +7.96819498566e+001, +7.89964888940e+001
+3.27671535000e+004, +5.21468404033e+005, +5.18289323400e+005, +7.97161966217e+001, +7.90278173477e+001
+3.27671722500e+004, +5.24145579543e+005, +5.21405720314e+005, +7.97211757685e+001, +7.90588155949e+001
+3.27671910000e+004, +5.27478779215e+005, +5.24532310532e+005, +7.97840970371e+001, +7.90894876679e+001
+3.27672097500e+004, +5.30480058755e+005, +5.27669140493e+005, +7.98142654142e+001, +7.91198375281e+001
+3.27672285000e+004, +5.33915937993e+005, +5.30816256981e+005, +7.98699370686e+001, +7.91498690674e+001
+3.27672472500e+004, +5.36969989837e+005, +5.33973707124e+005, +7.98802680785e+001, +7.91795861097e+001
+3.27672660000e+004, +5.39914330878e+005, +5.37141538399e+005, +7.99141467078e+001, +7.92089924128e+001
+3.27672847500e+004, +5.43613798784e+005, +5.40319798629e+005, +7.99322897582e+001, +7.92380916689e+001
+3.27673035000e+004, +5.46714026317e+005, +5.43508535989e+005, +7.99534935319e+001, +7.92668875067e+001
+3.27673222500e+004, +5.49846610385e+005, +5.46707799006e+005, +7.99999692733e+001, +7.92953834923e+001
+3.27673410000e+004, +5.52920085316e+005, +5.49917636563e+005, +8.00642859791e+001, +7.93235831307e+001
+3.27673597500e+004, +5.56209801709e+005, +5.53138097898e+005, +8.00666788863e+001, +7.93514898668e+001
+3.27673785000e+004, +5.59398143257e+005, +5.56369232609e+005, +8.01006850779e+001, +7.93791070868e+001
+3.27673972500e+004, +5.62945988387e+005, +5.59611090652e+005, +8.01397682236e+001, +7.94064381197e+001
+3.27674160000e+004, +5.65892580215e+005, +5.62863722350e+005, +8.01525902914e+001, +7.94334862376e+001
+3.27674347500e+004, +5.69234375423e+005, +5.66127178388e+005, +8.02124458213e+001, +7.94602546577e+001
+3.27674535000e+004, +5.72588786851e+005, +5.69401509822e+005, +8.02324084726e+001, +7.94867465429e+001
+3.27674722500e+004, +5.75686136459e+005, +5.72686768075e+005, +8.02497940745e+001, +7.95129650031e+001
+3.27674910000e+004, +5.79465742945e+005, +5.75983004939e+005, +8.02566735558e+001, +7.95389130961e+001
+3.27675097500e+004, +5.82215278668e+005, +5.79290272587e+005, +8.03254230550e+001, +7.95645938289e+001
+3.27675285000e+004, +5.85880961484e+005, +5.82608623564e+005, +8.03265504198e+001, +7.95900101582e+001
+3.27675472500e+004, +5.89135170256e+005, +5.85938110797e+005, +8.03755900642e+001, +7.96151649919e+001
+3.27675660000e+004, +5.92328852041e+005, +5.89278787593e+005, +8.03596085231e+001, +7.96400611898e+001
+3.27675847500e+004, +5.95894973197e+005, +5.92630707644e+005, +8.04300535890e+001, +7.96647015646e+001
+3.27676035000e+004, +5.99276586063e+005, +5.95993925028e+005, +8.04406934558e+001, +7.96890888826e+001
+3.27676222500e+004, +6.02495537774e+005, +5.99368494212e+005, +8.04612537188e+001, +7.97132258650e+001
+3.27676410000e+004, +6.06078606574e+005, +6.02754470058e+005, +8.05101252814e+001, +7.97371151883e+001
+3.27676597500e+004, +6.09412822517e+005, +6.06151907819e+005, +8.05304758758e+001, +7.97607594856e+001
+3.27676785000e+004, +6.12873568630e+005, +6.09560863146e+005, +8.06037047358e+001, +7.97841613471e+001
+3.27676972500e+004, +6.16366164579e+005, +6.12981392094e+005, +8.05819964417e+001, +7.98073233209e+001
+3.27677160000e+004, +6.19569070404e+005, +6.16413551115e+005, +8.06320001919e+001, +7.98302479142e+001
+3.27677347500e+004, +6.23573198554e+005, +6.19857397071e+005, +8.06374005409e+001, +7.98529375935e+001
+3.27677535000e+004, +6.26953132008e+005, +6.23312987232e+005, +8.06410952519e+001, +7.98753947858e+001
+3.27677722500e+004, +6.30289721206e+005, +6.26780379279e+005, +8.06590213969e+001, +7.98976218790e+001
+3.27677910000e+004, +6.33768605339e+005, +6.30259631308e+005, +8.07167908969e+001, +7.99196212229e+001
+3.27678097500e+004, +6.37023052762e+005, +6.33750801832e+005, +8.07294586557e+001, +7.99413951299e+001
+3.27678285000e+004, +6.40722875205e+005, +6.37253949783e+005, +8.07924698846e+001, +7.99629458753e+001
+3.27678472500e+004, +6.44042262400e+005, +6.40769134523e+005, +8.07759738934e+001, +7.99842756984e+001
+3.27678660000e+004, +6.48174745750e+005, +6.44296415831e+005, +8.08213236585e+001, +8.00053868032e+001
+3.27678847500e+004, +6.51286088824e+005, +6.47835853926e+005, +8.08332118813e+001, +8.00262813584e+001
+3.27679035000e+004, +6.54833407343e+005, +6.51387509454e+005, +8.08279120489e+001, +8.00469614988e+001
+3.27679222500e+004, +6.58524048393e+005, +6.54951443499e+005, +8.08927838682e+001, +8.00674293256e+001
+3.27679410000e+004, +6.62163132175e+005, +6.58527717586e+005, +8.08779640431e+001, +8.00876869069e+001
+3.27679597500e+004, +6.65916767366e+005, +6.62116393682e+005, +8.09446002555e+001, +8.01077362783e+001
+3.27679785000e+004, +6.69146976245e+005, +6.65717534200e+005, +8.09495359104e+001, +8.01275794437e+001
+3.27679972500e+004, +6.72592118716e+005, +6.69331202002e+005, +8.09643237373e+001, +8.01472183755e+001
+3.27680160000e+004, +6.76428633790e+005, +6.72957460409e+005, +8.10070965115e+001, +8.01666550158e+001
+3.27680347500e+004, +6.80047243122e+005, +6.76596373191e+005, +8.10387953385e+001, +8.01858912759e+001
+3.27680535000e+004, +6.84103150708e+005, +6.80248004585e+005, +8.10544094047e+001, +8.02049290380e+001
+3.27680722500e+004, +6.87806963548e+005, +6.83912419289e+005, +8.10749385691e+001, +8.02237701546e+001
+3.27680910000e+004, +6.91198674966e+005, +6.87589682469e+005, +8.10951816368e+001, +8.02424164501e+001
+3.27681097500e+004, +6.94935251214e+005, +6.91279859764e+005, +8.11505984336e+001, +8.02608697202e+001
+3.27681285000e+004, +6.98923649429e+005, +6.94983017282e+005, +8.11271300063e+001, +8.02791317332e+001
+3.27681472500e+004, +7.02129581817e+005, +6.98699221623e+005, +8.11273910664e+001, +8.02972042302e+001
+3.27681660000e+004, +7.06425949475e+005, +7.02428539855e+005, +8.11828084573e+001, +8.03150889255e+001
+3.27681847500e+004, +7.10019836516e+005, +7.06171039544e+005, +8.11915032788e+001, +8.03327875071e+001
+3.27682035000e+004, +7.13826713338e+005, +7.09926788741e+005, +8.12437630065e+001, +8.03503016370e+001
+3.27682222500e+004, +7.17645220931e+005, +7.13695855990e+005, +8.12537876752e+001, +8.03676329520e+001
+3.27682410000e+004, +7.21037474067e+005, +7.17478310341e+005, +8.12753807345e+001, +8.03847830637e+001
+3.27682597500e+004, +7.25384371843e+005, +7.21274221337e+005, +8.13107052918e+001, +8.04017535593e+001
+3.27682785000e+004, +7.29159831829e+005, +7.25083659039e+005, +8.12988488254e+001, +8.04185460016e+001
+3.27682972500e+004, +7.32649064058e+005, +7.28906694010e+005, +8.13299160454e+001, +8.04351619298e+001
+3.27683160000e+004, +7.36348979879e+005, +7.32743397331e+005, +8.13719272703e+001, +8.04516028595e+001
+3.27683347500e+004, +7.40390629196e+005, +7.36593840604e+005, +8.14014748373e+001, +8.04678702835e+001
+3.27683535000e+004, +7.44292412052e+005, +7.40458095951e+005, +8.13995927360e+001, +8.04839656718e+001
+3.27683722500e+004, +7.47866891763e+005, +7.44336236030e+005, +8.13723676389e+001, +8.04998904722e+001
+3.27683910000e+004, +7.51897919045e+005, +7.48228334025e+005, +8.14318741292e+001, +8.05156461105e+001
+3.27684097500e+004, +7.56206183058e+005, +7.52134463656e+005, +8.14426880711e+001, +8.05312339908e+001
+3.27684285000e+004, +7.60202934119e+005, +7.56054699191e+005, +8.14950108494e+001, +8.05466554964e+001
+3.27684472500e+004, +7.64128284542e+005, +7.59989115437e+005, +8.15368514087e+001, +8.05619119891e+001
+3.27684660000e+004, +7.68041939943e+005, +7.63937787761e+005, +8.15138266701e+001, +8.05770048106e+001
+3.27684847500e+004, +7.72220260976e+005, +7.67900792078e+005, +8.15534542531e+001, +8.05919352823e+001
+3.27685035000e+004, +7.76004852649e+005, +7.71878204864e+005, +8.15591582933e+001, +8.06067047053e+001
+3.27685222500e+004, +7.80248779688e+005, +7.75870103165e+005, +8.16000912007e+001, +8.06213143615e+001
+3.27685410000e+004, +7.84386527725e+005, +7.79876564593e+005, +8.16008481541e+001, +8.06357655132e+001
+3.27685597500e+004, +7.87933461191e+005, +7.83897667337e+005, +8.16145770656e+001, +8.06500594038e+001
+3.27685785000e+004, +7.91900067677e+005, +7.87933490164e+005, +8.16770252173e+001, +8.06641972579e+001
+3.27685972500e+004, +7.96357941847e+005, +7.91984112426e+005, +8.16776817363e+001, +8.06781802818e+001
+3.27686160000e+004, +8.00134694643e+005, +7.96049614070e+005, +8.16514452819e+001, +8.06920096633e+001
+3.27686347500e+004, +8.04881326251e+005, +8.00130075631e+005, +8.16885805519e+001, +8.07056865726e+001
+3.27686535000e+004, +8.08383775728e+005, +8.04225578252e+005, +8.17113399559e+001, +8.07192121622e+001
+3.27686722500e+004, +8.12594931929e+005, +8.08336203675e+005, +8.17372998630e+001, +8.07325875672e+001
+3.27686910000e+004, +8.16864523042e+005, +8.12462034254e+005, +8.17514318029e+001, +8.07458139054e+001
+3.27687097500e+004, +8.21184046330e+005, +8.16603152966e+005, +8.17657513242e+001, +8.07588922781e+001
+3.27687285000e+004, +8.25507909870e+005, +8.20759643403e+005, +8.17655257312e+001, +8.07718237696e+001
+3.27687472500e+004, +8.29370398529e+005, +8.24931589789e+005, +8.18009921038e+001, +8.07846094481e+001
+3.27687660000e+004, +8.33156140311e+005, +8.29119076978e+005, +8.18538152619e+001, +8.07972503655e+001
+3.27687847500e+004, +8.37739866656e+005, +8.33322190463e+005, +8.18211468999e+001, +8.08097475579e+001
+3.27688035000e+004, +8.42138262022e+005, +8.37541016386e+005, +8.18472628542e+001, +8.08221020457e+001
+3.27688222500e+004, +8.46481685212e+005, +8.41775641533e+005, +8.18742891838e+001, +8.08343148337e+001
+3.27688410000e+004, +8.51170850037e+005, +8.46026153348e+005, +8.18907170940e+001, +8.08463869117e+001
+3.27688597500e+004, +8.55133948356e+005, +8.50292639943e+005, +8.19335444599e+001, +8.08583192542e+001
+3.27688785000e+004, +8.59600173277e+005, +8.54575190088e+005, +8.19197725417e+001, +8.08701128211e+001
+3.27688972500e+004, +8.63058883442e+005, +8.58873893237e+005, +8.19595014554e+001, +8.08817685577e+001
+3.27689160000e+004, +8.67648806530e+005, +8.63188839517e+005, +8.19157852060e+001, +8.08932873946e+001
+3.27689347500e+004, +8.71777875062e+005, +8.67520119745e+005, +8.19771145808e+001, +8.09046702484e+001
+3.27689535000e+004, +8.76428322973e+005, +8.71867825434e+005, +8.20025451481e+001, +8.09159180219e+001
+3.27689722500e+004, +8.81379828430e+005, +8.76232048785e+005, +8.19979686047e+001, +8.09270316036e+001
+3.27689910000e+004, +8.84945644110e+005, +8.80612882721e+005, +8.20006381961e+001, +8.09380118686e+001
+3.27690097500e+004, +8.90086582182e+005, +8.85010420861e+005, +8.20070315933e+001, +8.09488596787e+001
+3.27690285000e+004, +8.93382833869e+005, +8.89424757554e+005, +8.20758397320e+001, +8.09595758821e+001
+3.27690472500e+004, +8.98301446196e+005, +8.93855987870e+005, +8.20645200401e+001, +8.09701613141e+001
+3.27690660000e+004, +9.03243294737e+005, +8.98304207609e+005, +8.20367596714e+001, +8.09806167970e+001
+3.27690847500e+004, +9.07282207879e+005, +9.02769513317e+005, +8.21226884498e+001, +8.09909431403e+001
+3.27691035000e+004, +9.12370988888e+005, +9.07252002279e+005, +8.21157913609e+001, +8.10011411409e+001
+3.27691222500e+004, +9.16622607672e+005, +9.11751772534e+005, +8.21044899897e+001, +8.10112115835e+001
+3.27691410000e+004, +9.20733211819e+005, +9.16268922885e+005, +8.21400108778e+001, +8.10211552400e+001
+3.27691597500e+004, +9.26352453518e+005, +9.20803552897e+005, +8.21365416071e+001, +8.10309728707e+001
+3.27691785000e+004, +9.29952648981e+005, +9.25355762914e+005, +8.21752288875e+001, +8.10406652237e+001
+3.27691972500e+004, +9.34858209462e+005, +9.29925654059e+005, +8.21735255202e+001, +8.10502330352e+001
+3.27692160000e+004, +9.39305546471e+005, +9.34513328241e+005, +8.21969726813e+001, +8.10596770298e+001
+3.27692347500e+004, +9.44579089814e+005, +9.39118888173e+005, +8.22227733744e+001, +8.10689979207e+001
+3.27692535000e+004, +9.48130309407e+005, +9.43742437365e+005, +8.22698192488e+001, +8.10781964094e+001
+3.27692722500e+004, +9.52862581915e+005, +9.48384080145e+005, +8.21873467117e+001, +8.10872731864e+001
+3.27692910000e+004, +9.58041467502e+005, +9.53043921654e+005, +8.22468923738e+001, +8.10962289310e+001
+3.27693097500e+004, +9.62555084756e+005, +9.57722067865e+005, +8.22382670999e+001, +8.11050643114e+001
+3.27693285000e+004, +9.68499064579e+005, +9.62418625586e+005, +8.22523134497e+001, +8.11137799852e+001
+3.27693472500e+004, +9.72748449413e+005, +9.67133702465e+005, +8.22891854055e+001, +8.11223765991e+001
+3.27693660000e+004, +9.76621671553e+005, +9.71867407009e+005, +8.22810820331e+001, +8.11308547891e+001
+3.27693847500e+004, +9.81760953098e+005, +9.76619848576e+005, +8.23737478173e+001, +8.11392151808e+001
+3.27694035000e+004, +9.86656963561e+005, +9.81391137396e+005, +8.23417363622e+001, +8.11474583895e+001
+3.27694222500e+004, +9.92291948388e+005, +9.86181384577e+005, +8.23742224398e+001, +8.11555850203e+001
+3.27694410000e+004, +9.96134381800e+005, +9.90990702108e+005, +8.23332769835e+001, +8.11635956679e+001
+3.27694597500e+004, +1.00144653967e+006, +9.95819202879e+005, +8.23468354684e+001, +8.11714909172e+001
+3.27694785000e+004, +1.00613031707e+006, +1.00066700068e+006, +8.24167722984e+001, +8.11792713432e+001
+3.27694972500e+004, +1.01118920806e+006, +1.00553421020e+006, +8.24232273837e+001, +8.11869375109e+001
+3.27695160000e+004, +1.01640557120e+006, +1.01042094706e+006, +8.23723692913e+001, +8.11944899758e+001
+3.27695347500e+004, +1.02060036279e+006, +1.01532732782e+006, +8.24493407136e+001, +8.12019292838e+001
+3.27695535000e+004, +1.02614056741e+006, +1.02025346996e+006, +8.24197451934e+001, +8.12092559711e+001
+3.27695722500e+004, +1.03039680769e+006, +1.02519949192e+006, +8.24815597782e+001, +8.12164705647e+001
+3.27695910000e+004, +1.03622227275e+006, +1.03016551309e+006, +8.24431194408e+001, +8.12235735822e+001
+3.27696097500e+004, +1.04032443947e+006, +1.03515165383e+006, +8.24260802555e+001, +8.12305655322e+001
+3.27696285000e+004, +1.04561737244e+006, +1.04015803547e+006, +8.24755533795e+001, +8.12374469139e+001
+3.27696472500e+004, +1.05042825858e+006, +1.04518478034e+006, +8.24821494309e+001, +8.12442182176e+001
+3.27696660000e+004, +1.05523644069e+006, +1.05023201175e+006, +8.24519021355e+001, +8.12508799249e+001
+3.27696847500e+004, +1.06041701603e+006, +1.05529985403e+006, +8.25035284218e+001, +8.12574325081e+001
+3.27697035000e+004, +1.06507239274e+006, +1.06038843253e+006, +8.25732776264e+001, +8.12638764311e+001
+3.27697222500e+004, +1.07118462528e+006, +1.06549787359e+006, +8.25261175324e+001, +8.12702121492e+001
+3.27697410000e+004, +1.07709251435e+006, +1.07062830464e+006, +8.26200125235e+001, +8.12764401086e+001
+3.27697597500e+004, +1.08189771958e+006, +1.07577985412e+006, +8.26002656998e+001, +8.12825607477e+001
+3.27697785000e+004, +1.08745704462e+006, +1.08095265154e+006, +8.25730523577e+001, +8.12885744958e+001
+3.27697972500e+004, +1.09155322953e+006, +1.08614682747e+006, +8.26061153675e+001, +8.12944817744e+001
+3.27698160000e+004, +1.09675435326e+006, +1.09136251357e+006, +8.25503719031e+001, +8.13002829963e+001
+3.27698347500e+004, +1.10245045749e+006, +1.09659984260e+006, +8.26550424890e+001, +8.13059785663e+001
+3.27698535000e+004, +1.10828435693e+006, +1.10185894839e+006, +8.26502398395e+001, +8.13115688811e+001
+3.27698722500e+004, +1.11238069957e+006, +1.10713996591e+006, +8.26605540371e+001, +8.13170543293e+001
+3.27698910000e+004, +1.11903680442e+006, +1.11244303125e+006, +8.26457158562e+001, +8.13224352914e+001
+3.27699097500e+004, +1.12391257963e+006, +1.11776828162e+006, +8.26646600036e+001, +8.13277121401e+001
+3.27699285000e+004, +1.12873534044e+006, +1.12311585541e+006, +8.26571887779e+001, +8.13328852401e+001
+3.27699472500e+004, +1.13401019643e+006, +1.12848589213e+006, +8.26783170410e+001, +8.13379549485e+001
+3.27699660000e+004, +1.14037197688e+006, +1.13387853249e+006, +8.27045938543e+001, +8.13429216146e+001
+3.27699847500e+004, +1.14547199064e+006, +1.13929391837e+006, +8.27371806577e+001, +8.13477855799e+001
+3.27700035000e+004, +1.15136368577e+006, +1.14473219285e+006, +8.27068271742e+001, +8.13525471783e+001
+3.27700222500e+004, +1.15587993162e+006, +1.15019350023e+006, +8.27040312101e+001, +8.13572067363e+001
+3.27700410000e+004, +1.16164525140e+006, +1.15567798601e+006, +8.27607926713e+001, +8.13617645729e+001
+3.27700597500e+004, +1.16677352161e+006, +1.16118579694e+006, +8.27089070020e+001, +8.13662209993e+001
+3.27700785000e+004, +1.17361127300e+006, +1.16671708101e+006, +8.27643568534e+001, +8.13705763199e+001
+3.27700972500e+004, +1.17866792042e+006, +1.17227198748e+006, +8.27694073333e+001, +8.13748308311e+001
+3.27701160000e+004, +1.18335015495e+006, +1.17785066686e+006, +8.28089948995e+001, +8.13789848226e+001
+3.27701347500e+004, +1.19020021071e+006, +1.18345327098e+006, +8.28222815190e+001, +8.13830385765e+001
+3.27701535000e+004, +1.19574547797e+006, +1.18907995293e+006, +8.27496136714e+001, +8.13869923678e+001
+3.27701722500e+004, +1.20115898036e+006, +1.19473086716e+006, +8.27987500004e+001, +8.13908464643e+001
+3.27701910000e+004, +1.20865744176e+006, +1.20040616941e+006, +8.27678659894e+001, +8.13946011269e+001
+3.27702097500e+004, +1.21138465107e+006, +1.20610601679e+006, +8.27506331606e+001, +8.13982566092e+001
+3.27702285000e+004, +1.21861713956e+006, +1.21183056776e+006, +8.28616743899e+001, +8.14018131579e+001
+3.27702472500e+004, +1.22419725218e+006, +1.21757998212e+006, +8.28493794774e+001, +8.14052710128e+001
+3.27702660000e+004, +1.23079970086e+006, +1.22335442111e+006, +8.28516345963e+001, +8.14086304066e+001
+3.27702847500e+004, +1.23539298516e+006, +1.22915404733e+006, +8.28643393534e+001, +8.14118915653e+001
+3.27703035000e+004, +1.24269386934e+006, +1.23497902481e+006, +8.28900531016e+001, +8.14150547079e+001
+3.27703222500e+004, +1.24696290436e+006, +1.24082951902e+006, +8.28797102015e+001, +8.14181200466e+001
+3.27703410000e+004, +1.25450318924e+006, +1.24670569686e+006, +8.28881561944e+001, +8.14210877869e+001
+3.27703597500e+004, +1.25875717775e+006, +1.25260772671e+006, +8.29000933968e+001, +8.14239581274e+001
+3.27703785000e+004, +1.26537696143e+006, +1.25853577841e+006, +8.29696405514e+001, +8.14267312603e+001
+3.27703972500e+004, +1.27199873633e+006, +1.26449002331e+006, +8.29027917013e+001, +8.14294073707e+001
+3.27704160000e+004, +1.27811317504e+006, +1.27047063427e+006, +8.29272500861e+001, +8.14319866374e+001
+3.27704347500e+004, +1.28321501633e+006, +1.27647778567e+006, +8.29699195255e+001, +8.14344692325e+001
+3.27704535000e+004, +1.29006311269e+006, +1.28251165344e+006, +8.29319700434e+001, +8.14368553212e+001
+3.27704722500e+004, +1.29612481346e+006, +1.28857241507e+006, +8.29865191993e+001, +8.14391450626e+001
+3.27704910000e+004, +1.30221941284e+006, +1.29466024963e+006, +8.29036241390e+001, +8.14413386090e+001
+3.27705097500e+004, +1.30922599601e+006, +1.30077533778e+006, +8.30395813878e+001, +8.14434361062e+001
+3.27705285000e+004, +1.31494225618e+006, +1.30691786180e+006, +8.30249643009e+001, +8.14454376936e+001
+3.27705472500e+004, +1.32099275512e+006, +1.31308800561e+006, +8.30257950376e+001, +8.14473435040e+001
+3.27705660000e+004, +1.32774007466e+006, +1.31928595476e+006, +8.29867889512e+001, +8.14491536640e+001
+3.27705847500e+004, +1.33195940469e+006, +1.32551189648e+006, +8.30334365748e+001, +8.14508682934e+001
+3.27706035000e+004, +1.34062135801e+006, +1.33176601969e+006, +8.30022786954e+001, +8.14524875060e+001
+3.27706222500e+004, +1.34465323299e+006, +1.33804851501e+006, +8.30478767293e+001, +8.14540114089e+001
+3.27706410000e+004, +1.35193345591e+006, +1.34435957480e+006, +8.30452409221e+001, +8.14554401031e+001
+3.27706597500e+004, +1.35863868736e+006, +1.35069939313e+006, +8.30491971489e+001, +8.14567736830e+001
+3.27706785000e+004, +1.36573794276e+006, +1.35706816587e+006, +8.30354399443e+001, +8.14580122368e+001
+3.27706972500e+004, +1.37180262481e+006, +1.36346609066e+006, +8.31043352524e+001, +8.14591558464e+001
+3.27707160000e+004, +1.37719843273e+006, +1.36989336694e+006, +8.31154451268e+001, +8.14602045873e+001
+3.27707347500e+004, +1.38601632055e+006, +1.37635019599e+006, +8.31400479776e+001, +8.14611585288e+001
+3.27707535000e+004, +1.39216697472e+006, +1.38283678091e+006, +8.30341285012e+001, +8.14620177339e+001
+3.27707722500e+004, +1.39645775377e+006, +1.38935332670e+006, +8.31366775769e+001, +8.14627822593e+001
+3.27707910000e+004, +1.40464950359e+006, +1.39590004022e+006, +8.31481166807e+001, +8.14634521554e+001
+3.27708097500e+004, +1.41066988102e+006, +1.40247713025e+006, +8.31845136514e+001, +8.14640274664e+001
+3.27708285000e+004, +1.41790734893e+006, +1.40908480752e+006, +8.31907663121e+001, +8.14645082303e+001
+3.27708472500e+004, +1.42433696702e+006, +1.41572328467e+006, +8.31364224435e+001, +8.14648944787e+001
+3.27708660000e+004, +1.43009023864e+006, +1.42239277636e+006, +8.32148135598e+001, +8.14651862371e+001
+3.27708847500e+004, +1.43749016146e+006, +1.42909349922e+006, +8.31476468729e+001, +8.14653835248e+001
+3.27709035000e+004, +1.44391230408e+006, +1.43582567193e+006, +8.32194187061e+001, +8.14654863547e+001
+3.27709222500e+004, +1.45120849465e+006, +1.44258951520e+006, +8.32402836231e+001, +8.14654947337e+001
+3.27709410000e+004, +1.45784529889e+006, +1.44938525181e+006, +8.31547858263e+001, +8.14654086623e+001
+3.27709597500e+004, +1.46602807101e+006, +1.45621310664e+006, +8.32200398008e+001, +8.14652281347e+001
+3.27709785000e+004, +1.47209775733e+006, +1.46307330667e+006, +8.32202115672e+001, +8.14649531392e+001
+3.27709972500e+004, +1.47850157954e+006, +1.46996608105e+006, +8.32117690773e+001, +8.14645836576e+001
+3.27710160000e+004, +1.48445013269e+006, +1.47689166109e+006, +8.31656178645e+001, +8.14641196655e+001
+3.27710347500e+004, +1.49391083452e+006, +1.48385028028e+006, +8.31943568442e+001, +8.14635611323e+001
+3.27710535000e+004, +1.49891134703e+006, +1.49084217436e+006, +8.32422644373e+001, +8.14629080213e+001
+3.27710722500e+004, +1.50677747742e+006, +1.49786758128e+006, +8.33040229614e+001, +8.14621602892e+001
+3.27710910000e+004, +1.51458989656e+006, +1.50492674130e+006, +8.32518249883e+001, +8.14613178869e+001
+3.27711097500e+004, +1.52175651770e+006, +1.51201989696e+006, +8.32426929571e+001, +8.14603807586e+001
+3.27711285000e+004, +1.52773270808e+006, +1.51914729312e+006, +8.32147416377e+001, +8.14593488426e+001
+3.27711472500e+004, +1.53459651296e+006, +1.52630917702e+006, +8.32513909907e+001, +8.14582220706e+001
+3.27711660000e+004, +1.54347891595e+006, +1.53350579826e+006, +8.32398720845e+001, +8.14570003683e+001
+3.27711847500e+004, +1.54959076523e+006, +1.54073740888e+006, +8.32677016108e+001, +8.14556836549e+001
+3.27712035000e+004, +1.55693567905e+006, +1.54800426333e+006, +8.33160789929e+001, +8.14542718433e+001
+3.27712222500e+004, +1.56236286745e+006, +1.55530661855e+006, +8.32591726923e+001, +8.14527648402e+001
+3.27712410000e+004, +1.57261544925e+006, +1.56264473398e+006, +8.32789530656e+001, +8.14511625458e+001
+3.27712597500e+004, +1.58002896466e+006, +1.57001887160e+006, +8.32926050330e+001, +8.14494648540e+001
+3.27712785000e+004, +1.58728469029e+006, +1.57742929592e+006, +8.33866081536e+001, +8.14476716524e+001
+3.27712972500e+004, +1.59402609704e+006, +1.58487627408e+006, +8.33611881573e+001, +8.14457828220e+001
+3.27713160000e+004, +1.60225147669e+006, +1.59236007584e+006, +8.33762279411e+001, +8.14437982376e+001
+3.27713347500e+004, +1.60975594795e+006, +1.59988097359e+006, +8.34037594140e+001, +8.14417177674e+001
+3.27713535000e+004, +1.61616316022e+006, +1.60743924243e+006, +8.33545871113e+001, +8.14395412732e+001
+3.27713722500e+004, +1.62489063472e+006, +1.61503516019e+006, +8.33980549564e+001, +8.14372686104e+001
+3.27713910000e+004, +1.63272612365e+006, +1.62266900746e+006, +8.33509544339e+001, +8.14348996277e+001
+3.27714097500e+004, +1.64150856521e+006, +1.63034106758e+006, +8.34027399611e+001, +8.14324341674e+001
+3.27714285000e+004, +1.64678706835e+006, +1.63805162677e+006, +8.33728730634e+001, +8.14298720653e+001
+3.27714472500e+004, +1.65656592550e+006, +1.64580097407e+006, +8.34164164435e+001, +8.14272131504e+001
+3.27714660000e+004, +1.66423757110e+006, +1.65358940144e+006, +8.33599127804e+001, +8.14244572453e+001
+3.27714847500e+004, +1.67342365143e+006, +1.66141720377e+006, +8.33803346996e+001, +8.14216041659e+001
+3.27715035000e+004, +1.67868818783e+006, +1.66928467891e+006, +8.34361499464e+001, +8.14186537213e+001
+3.27715222500e+004, +1.68662449882e+006, +1.67719212771e+006, +8.33813155960e+001, +8.14156057140e+001
+3.27715410000e+004, +1.69669877663e+006, +1.68513985409e+006, +8.33402186510e+001, +8.14124599398e+001
+3.27715597500e+004, +1.70545883811e+006, +1.69312816504e+006, +8.34193379854e+001, +8.14092161877e+001
+3.27715785000e+004, +1.71011617122e+006, +1.70115737065e+006, +8.33847539756e+001, +8.14058742397e+001
+3.27715972500e+004, +1.72030005389e+006, +1.70922778421e+006, +8.34584404176e+001, +8.14024338713e+001
+3.27716160000e+004, +1.72624942443e+006, +1.71733972219e+006, +8.33864108513e+001, +8.13988948509e+001
+3.27716347500e+004, +1.73639089387e+006, +1.72549350430e+006, +8.35332648237e+001, +8.13952569399e+001
+3.27716535000e+004, +1.74476580750e+006, +1.73368945354e+006, +8.33912830623e+001, +8.13915198929e+001
+3.27716722500e+004, +1.75234605840e+006, +1.74192789624e+006, +8.35203068566e+001, +8.13876834575e+001
+3.27716910000e+004, +1.76025271604e+006, +1.75020916209e+006, +8.34852088333e+001, +8.13837473742e+001
+3.27717097500e+004, +1.77254626026e+006, +1.75853358420e+006, +8.34534288472e+001, +8.13797113763e+001
+3.27717285000e+004, +1.77936484153e+006, +1.76690149913e+006, +8.35301717541e+001, +8.13755751901e+001
+3.27717472500e+004, +1.78642535663e+006, +1.77531324695e+006, +8.34422780972e+001, +8.13713385347e+001
+3.27717660000e+004, +1.79396040166e+006, +1.78376917126e+006, +8.35494053263e+001, +8.13670011219e+001
+3.27717847500e+004, +1.80474910764e+006, +1.79226961927e+006, +8.35273023669e+001, +8.13625626564e+001
+3.27718035000e+004, +1.81592934802e+006, +1.80081494181e+006, +8.35027427214e+001, +8.13580228353e+001
+3.27718222500e+004, +1.81899307152e+006, +1.80940549343e+006, +8.34714736307e+001, +8.13533813485e+001
+3.27718410000e+004, +1.83198507246e+006, +1.81804163237e+006, +8.35295904212e+001, +8.13486378784e+001
+3.27718597500e+004, +1.83677207095e+006, +1.82672372069e+006, +8.35350020133e+001, +8.13437921000e+001
+3.27718785000e+004, +1.84593917507e+006, +1.83545212427e+006, +8.34841656003e+001, +8.13388436806e+001
+3.27718972500e+004, +1.85320173951e+006, +1.84422721287e+006, +8.34154345724e+001, +8.13337922800e+001
+3.27719160000e+004, +1.86501015586e+006, +1.85304936021e+006, +8.34805372111e+001, +8.13286375502e+001
+3.27719347500e+004, +1.87719207839e+006, +1.86191894396e+006, +8.34838249875e+001, +8.13233791358e+001
+3.27719535000e+004, +1.88439559605e+006, +1.87083634588e+006, +8.35559321545e+001, +8.13180166733e+001
+3.27719722500e+004, +1.89305406677e+006, +1.87980195177e+006, +8.34583037659e+001, +8.13125497913e+001
+3.27719910000e+004, +1.90162052178e+006, +1.88881615162e+006, +8.34919204882e+001, +8.13069781109e+001
+3.27720097500e+004, +1.90614896217e+006, +1.89787933963e+006, +8.35052821116e+001, +8.13013012447e+001
+3.27720285000e+004, +1.91964166440e+006, +1.90699191423e+006, +8.35186639385e+001, +8.12955187976e+001
+3.27720472500e+004, +1.92756796444e+006, +1.91615427820e+006, +8.35433081166e+001, +8.12896303663e+001
+3.27720660000e+004, +1.94125006418e+006, +1.92536683867e+006, +8.36581275063e+001, +8.12836355393e+001
+3.27720847500e+004, +1.94872589931e+006, +1.93463000724e+006, +8.35209124399e+001, +8.12775338967e+001
+3.27721035000e+004, +1.95813622828e+006, +1.94394419999e+006, +8.36050769177e+001, +8.12713250105e+001
+3.27721222500e+004, +1.96765354954e+006, +1.95330983757e+006, +8.34976916999e+001, +8.12650084442e+001
+3.27721410000e+004, +1.97506575176e+006, +1.96272734523e+006, +8.36489427937e+001, +8.12585837526e+001
+3.27721597500e+004, +1.98335160605e+006, +1.97219715293e+006, +8.35017010795e+001, +8.12520504823e+001
+3.27721785000e+004, +1.99559691978e+006, +1.98171969537e+006, +8.36481046110e+001, +8.12454081709e+001
+3.27721972500e+004, +2.00613471884e+006, +1.99129541207e+006, +8.35965363188e+001, +8.12386563474e+001
+3.27722160000e+004, +2.01473870056e+006, +2.00092474741e+006, +8.36450143182e+001, +8.12317945321e+001
+3.27722347500e+004, +2.02525526533e+006, +2.01060815076e+006, +8.35855302036e+001, +8.12248222362e+001
+3.27722535000e+004, +2.03752912178e+006, +2.02034607647e+006, +8.35880229450e+001, +8.12177389619e+001
+3.27722722500e+004, +2.04533406091e+006, +2.03013898399e+006, +8.35918169135e+001, +8.12105442024e+001
+3.27722910000e+004, +2.05786857977e+006, +2.03998733795e+006, +8.36784471658e+001, +8.12032374418e+001
+3.27723097500e+004, +2.06387537829e+006, +2.04989160818e+006, +8.36381638348e+001, +8.11958181547e+001
+3.27723285000e+004, +2.07358970567e+006, +2.05985226984e+006, +8.36357051983e+001, +8.11882858065e+001
+3.27723472500e+004, +2.08583542021e+006, +2.06986980344e+006, +8.36573597483e+001, +8.11806398530e+001
+3.27723660000e+004, +2.09271006738e+006, +2.07994469499e+006, +8.37352230185e+001, +8.11728797406e+001
+3.27723847500e+004, +2.10530295344e+006, +2.09007743599e+006, +8.36827366935e+001, +8.11650049057e+001
+3.27724035000e+004, +2.11795566227e+006, +2.10026852357e+006, +8.36157106661e+001, +8.11570147753e+001
+3.27724222500e+004, +2.12685513672e+006, +2.11051846055e+006, +8.36672718952e+001, +8.11489087663e+001
+3.27724410000e+004, +2.13754664720e+006, +2.12082775553e+006, +8.36027243619e+001, +8.11406862855e+001
+3.27724597500e+004, +2.14539999032e+006, +2.13119692296e+006, +8.36014674480e+001, +8.11323467299e+001
+3.27724785000e+004, +2.15645349516e+006, +2.14162648322e+006, +8.36193909827e+001, +8.11238894859e+001
+3.27724972500e+004, +2.17377318437e+006, +2.15211696272e+006, +8.37218046411e+001, +8.11153139298e+001
+3.27725160000e+004, +2.17981621856e+006, +2.16266889399e+006, +8.36121602898e+001, +8.11066194273e+001
+3.27725347500e+004, +2.18835832789e+006, +2.17328281576e+006, +8.36881428722e+001, +8.10978053338e+001
+3.27725535000e+004, +2.19745033932e+006, +2.18395927305e+006, +8.36232581875e+001, +8.10888709935e+001
+3.27725722500e+004, +2.21114879021e+006, +2.19469881724e+006, +8.37271238521e+001, +8.10798157403e+001
+3.27725910000e+004, +2.22196595960e+006, +2.20550200622e+006, +8.36255374031e+001, +8.10706388966e+001
+3.27726097500e+004, +2.23612140469e+006, +2.21636940443e+006, +8.36972778989e+001, +8.10613397741e+001
+3.27726285000e+004, +2.24434655487e+006, +2.22730158297e+006, +8.37591956960e+001, +8.10519176732e+001
+3.27726472500e+004, +2.25625226961e+006, +2.23829911974e+006, +8.36352249291e+001, +8.10423718828e+001
+3.27726660000e+004, +2.27120125714e+006, +2.24936259946e+006, +8.36982241171e+001, +8.10327016802e+001
+3.27726847500e+004, +2.27752887401e+006, +2.26049261385e+006, +8.37155588670e+001, +8.10229063315e+001
+3.27727035000e+004, +2.28894645868e+006, +2.27168976168e+006, +8.36722013515e+001, +8.10129850905e+001
+3.27727222500e+004, +2.30210837297e+006, +2.28295464891e+006, +8.36644802775e+001, +8.10029371993e+001
+3.27727410000e+004, +2.31222497497e+006, +2.29428788877e+006, +8.36257113135e+001, +8.09927618878e+001
+3.27727597500e+004, +2.32382575819e+006, +2.30569010189e+006, +8.36704634653e+001, +8.09824583738e+001
+3.27727785000e+004, +2.33510824239e+006, +2.31716191640e+006, +8.37302042937e+001, +8.09720258625e+001
+3.27727972500e+004, +2.35032530514e+006, +2.32870396806e+006, +8.36808537910e+001, +8.09614635467e+001
+3.27728160000e+004, +2.36004396479e+006, +2.34031690033e+006, +8.37858028286e+001, +8.09507706063e+001
+3.27728347500e+004, +2.37484545126e+006, +2.35200136455e+006, +8.36675483722e+001, +8.09399462084e+001
+3.27728535000e+004, +2.39080405812e+006, +2.36375802002e+006, +8.38399098886e+001, +8.09289895069e+001
+3.27728722500e+004, +2.39136144975e+006, +2.37558753411e+006, +8.36258194234e+001, +8.09178996427e+001
+3.27728910000e+004, +2.41184897709e+006, +2.38749058244e+006, +8.38018228268e+001, +8.09066757431e+001
+3.27729097500e+004, +2.42118314804e+006, +2.39946784893e+006, +8.36592829849e+001, +8.08953169216e+001
+3.27729285000e+004, +2.43446418486e+006, +2.41152002599e+006, +8.39130305002e+001, +8.08838222783e+001
+3.27729472500e+004, +2.44121952501e+006, +2.42364781463e+006, +8.37020097505e+001, +8.08721908991e+001
+3.27729660000e+004, +2.46260773566e+006, +2.43585192457e+006, +8.35930613067e+001, +8.08604218556e+001
+3.27729847500e+004, +2.47520792001e+006, +2.44813307444e+006, +8.37919171958e+001, +8.08485142053e+001
+3.27730035000e+004, +2.48344668985e+006, +2.46049199183e+006, +8.37750705706e+001, +8.08364669909e+001
+3.27730222500e+004, +2.49661450672e+006, +2.47292941350e+006, +8.38359905906e+001, +8.08242792405e+001
+3.27730410000e+004, +2.50852096232e+006, +2.48544608549e+006, +8.38463015782e+001, +8.08119499670e+001
+3.27730597500e+004, +2.52029177606e+006, +2.49804276329e+006, +8.37553587367e+001, +8.07994781683e+001
+3.27730785000e+004, +2.53477667653e+006, +2.51072021195e+006, +8.37397998516e+001, +8.07868628268e+001
+3.27730972500e+004, +2.54703608572e+006, +2.52347920629e+006, +8.36465552129e+001, +8.07741029092e+001
+3.27731160000e+004, +2.56207561220e+006, +2.53632053098e+006, +8.36576755292e+001, +8.07611973663e+001
+3.27731347500e+004, +2.57413133883e+006, +2.54924498076e+006, +8.37942236528e+001, +8.07481451331e+001
+3.27731535000e+004, +2.58691201562e+006, +2.56225336058e+006, +8.37517895919e+001, +8.07349451279e+001
+3.27731722500e+004, +2.59958994034e+006, +2.57534648577e+006, +8.36595885360e+001, +8.07215962526e+001
+3.27731910000e+004, +2.61161282007e+006, +2.58852518216e+006, +8.38537496736e+001, +8.07080973922e+001
+3.27732097500e+004, +2.63124075255e+006, +2.60179028633e+006, +8.36521000378e+001, +8.06944474147e+001
+3.27732285000e+004, +2.63949129758e+006, +2.61514264572e+006, +8.37782449813e+001, +8.06806451708e+001
+3.27732472500e+004, +2.64853958598e+006, +2.62858311882e+006, +8.36553512188e+001, +8.06666894934e+001
+3.27732660000e+004, +2.67300745835e+006, +2.64211257539e+006, +8.38066101230e+001, +8.06525791979e+001
+3.27732847500e+004, +2.68415423694e+006, +2.65573189658e+006, +8.37208054251e+001, +8.06383130813e+001
+3.27733035000e+004, +2.69753565289e+006, +2.66944197515e+006, +8.37348004655e+001, +8.06238899222e+001
+3.27733222500e+004, +2.70407885562e+006, +2.68324371566e+006, +8.37904513613e+001, +8.06093084806e+001
+3.27733410000e+004, +2.72410056364e+006, +2.69713803468e+006, +8.37758120620e+001, +8.05945674976e+001
+3.27733597500e+004, +2.73451879129e+006, +2.71112586095e+006, +8.37785570746e+001, +8.05796656948e+001
+3.27733785000e+004, +2.75865872062e+006, +2.72520813560e+006, +8.38151918284e+001, +8.05646017745e+001
+3.27733972500e+004, +2.76232522561e+006, +2.73938581238e+006, +8.35315004198e+001, +8.05493744188e+001
+3.27734160000e+004, +2.78110073510e+006, +2.75365985783e+006, +8.37044874096e+001, +8.05339822898e+001
+3.27734347500e+004, +2.80077963512e+006, +2.76803125152e+006, +8.37606206858e+001, +8.05184240292e+001
+3.27734535000e+004, +2.81157962803e+006, +2.78250098626e+006, +8.37702758959e+001, +8.05026982577e+001
+3.27734722500e+004, +2.82809908878e+006, +2.79707006832e+006, +8.38284041604e+001, +8.04868035747e+001
+3.27734910000e+004, +2.83804739101e+006, +2.81173951767e+006, +8.35440042854e+001, +8.04707385584e+001
+3.27735097500e+004, +2.85654469197e+006, +2.82651036820e+006, +8.36833025664e+001, +8.04545017649e+001
+3.27735285000e+004, +2.87306254845e+006, +2.84138366795e+006, +8.37918603231e+001, +8.04380917281e+001
+3.27735472500e+004, +2.88815510139e+006, +2.85636047940e+006, +8.37335646999e+001, +8.04215069593e+001
+3.27735660000e+004, +2.90260746343e+006, +2.87144187963e+006, +8.36266673012e+001, +8.04047459471e+001
+3.27735847500e+004, +2.91263120199e+006, +2.88662896065e+006, +8.37000146215e+001, +8.03878071564e+001
+3.27736035000e+004, +2.93866720286e+006, +2.90192282963e+006, +8.35304472945e+001, +8.03706890286e+001
+3.27736222500e+004, +2.94283990336e+006, +2.91732460914e+006, +8.37096374324e+001, +8.03533899810e+001
+3.27736410000e+004, +2.96764774063e+006, +2.93283543745e+006, +8.37231707067e+001, +8.03359084061e+001
+3.27736597500e+004, +2.97939351366e+006, +2.94845646879e+006, +8.36769329440e+001, +8.03182426719e+001
+3.27736785000e+004, +2.99697808259e+006, +2.96418887363e+006, +8.37209873466e+001, +8.03003911207e+001
+3.27736972500e+004, +3.01744402250e+006, +2.98003383895e+006, +8.37775205060e+001, +8.02823520692e+001
+3.27737160000e+004, +3.02293222372e+006, +2.99599256857e+006, +8.36883623136e+001, +8.02641238078e+001
+3.27737347500e+004, +3.04494691336e+006, +3.01206628339e+006, +8.34828638595e+001, +8.02457046001e+001
+3.27737535000e+004, +3.04980303217e+006, +3.02825622174e+006, +8.37604972473e+001, +8.02270926830e+001
+3.27737722500e+004, +3.07446703003e+006, +3.04456363967e+006, +8.34847096532e+001, +8.02082862652e+001
+3.27737910000e+004, +3.09429718575e+006, +3.06098981128e+006, +8.36123738966e+001, +8.01892835278e+001
+3.27738097500e+004, +3.11069402622e+006, +3.07753602900e+006, +8.37406505119e+001, +8.01700826232e+001
+3.27738285000e+004, +3.12846947001e+006, +3.09420360398e+006, +8.36763187692e+001, +8.01506816745e+001
+3.27738472500e+004, +3.14158842881e+006, +3.11099386637e+006, +8.37197332263e+001, +8.01310787755e+001
+3.27738660000e+004, +3.16162861938e+006, +3.12790816574e+006, +8.35533492366e+001, +8.01112719898e+001
+3.27738847500e+004, +3.17683667491e+006, +3.14494787132e+006, +8.37570105164e+001, +8.00912593503e+001
+3.27739035000e+004, +3.19357712277e+006, +3.16211437245e+006, +8.35256940043e+001, +8.00710388588e+001
+3.27739222500e+004, +3.21302577035e+006, +3.17940907892e+006, +8.37083497409e+001, +8.00506084853e+001
+3.27739410000e+004, +3.22921273345e+006, +3.19683342134e+006, +8.37783033721e+001, +8.00299661675e+001
+3.27739597500e+004, +3.25219247024e+006, +3.21438885151e+006, +8.36922868340e+001, +8.00091098101e+001
+3.27739785000e+004, +3.26463544545e+006, +3.23207684285e+006, +8.37545316283e+001, +7.99880372845e+001
+3.27739972500e+004, +3.29214686175e+006, +3.24989889073e+006, +8.35400619412e+001, +7.99667464278e+001
+3.27740160000e+004, +3.30125545111e+006, +3.26785651299e+006, +8.37450999892e+001, +7.99452350425e+001
+3.27740347500e+004, +3.31381024801e+006, +3.28595125023e+006, +8.36514564187e+001, +7.99235008955e+001
+3.27740535000e+004, +3.33407436893e+006, +3.30418466633e+006, +8.35640540431e+001, +7.99015417179e+001
+3.27740722500e+004, +3.37109386802e+006, +3.32255834886e+006, +8.37087166496e+001, +7.98793552040e+001
+3.27740910000e+004, +3.37810559827e+006, +3.34107390948e+006, +8.37413260711e+001, +7.98569390108e+001
+3.27741097500e+004, +3.38911047078e+006, +3.35973298448e+006, +8.37190594415e+001, +7.98342907570e+001
+3.27741285000e+004, +3.40631371026e+006, +3.37853723519e+006, +8.36745656619e+001, +7.98114080228e+001
+3.27741472500e+004, +3.43254909265e+006, +3.39748834847e+006, +8.38666899358e+001, +7.97882883485e+001
+3.27741660000e+004, +3.45461023179e+006, +3.41658803720e+006, +8.36688117645e+001, +7.97649292344e+001
+3.27741847500e+004, +3.46962637387e+006, +3.43583804076e+006, +8.34507768673e+001, +7.97413281397e+001
+3.27742035000e+004, +3.49213940137e+006, +3.45524012559e+006, +8.36662916761e+001, +7.97174824816e+001
+3.27742222500e+004, +3.51766048694e+006, +3.47479608565e+006, +8.35154008857e+001, +7.96933896348e+001
+3.27742410000e+004, +3.52974635241e+006, +3.49450774302e+006, +8.35816740378e+001, +7.96690469305e+001
+3.27742597500e+004, +3.55491547623e+006, +3.51437694838e+006, +8.36826897255e+001, +7.96444516555e+001
+3.27742785000e+004, +3.57279743346e+006, +3.53440558161e+006, +8.37880149411e+001, +7.96196010515e+001
+3.27742972500e+004, +3.60040242514e+006, +3.55459555236e+006, +8.36292832658e+001, +7.95944923142e+001
+3.27743160000e+004, +3.61037550176e+006, +3.57494880061e+006, +8.37542469317e+001, +7.95691225921e+001
+3.27743347500e+004, +3.63550160152e+006, +3.59546729733e+006, +8.34332671980e+001, +7.95434889861e+001
+3.27743535000e+004, +3.66725152387e+006, +3.61615304501e+006, +8.37939173721e+001, +7.95175885481e+001
+3.27743722500e+004, +3.67596705227e+006, +3.63700807835e+006, +8.35575048221e+001, +7.94914182801e+001
+3.27743910000e+004, +3.70942183712e+006, +3.65803446488e+006, +8.36970142369e+001, +7.94649751334e+001
+3.27744097500e+004, +3.72870975756e+006, +3.67923430562e+006, +8.36289528540e+001, +7.94382560075e+001
+3.27744285000e+004, +3.74748318065e+006, +3.70060973577e+006, +8.36266928917e+001, +7.94112577488e+001
+3.27744472500e+004, +3.76910316774e+006, +3.72216292538e+006, +8.36156199131e+001, +7.93839771500e+001
+3.27744660000e+004, +3.78589906110e+006, +3.74389608003e+006, +8.38669181393e+001, +7.93564109487e+001
+3.27744847500e+004, +3.81170520163e+006, +3.76581144164e+006, +8.37052154614e+001, +7.93285558261e+001
+3.27745035000e+004, +3.83881853737e+006, +3.78791128914e+006, +8.36076824809e+001, +7.93004084063e+001
+3.27745222500e+004, +3.84764255222e+006, +3.81019793922e+006, +8.35148098340e+001, +7.92719652549e+001
+3.27745410000e+004, +3.87943658924e+006, +3.83267374720e+006, +8.35516954081e+001, +7.92432228775e+001
+3.27745597500e+004, +3.90056309043e+006, +3.85534110770e+006, +8.36075711759e+001, +7.92141777191e+001
+3.27745785000e+004, +3.92924033116e+006, +3.87820245555e+006, +8.34965820857e+001, +7.91848261622e+001
+3.27745972500e+004, +3.95516078084e+006, +3.90126026659e+006, +8.37293563309e+001, +7.91551645258e+001
+3.27746160000e+004, +3.97641123791e+006, +3.92451705857e+006, +8.37426274151e+001, +7.91251890640e+001
+3.27746347500e+004, +3.99289981737e+006, +3.94797539194e+006, +8.36417939328e+001, +7.90948959647e+001
+3.27746535000e+004, +4.01419663660e+006, +3.97163787085e+006, +8.35912199024e+001, +7.90642813482e+001
+3.27746722500e+004, +4.03375882393e+006, +3.99550714402e+006, +8.36257777728e+001, +7.90333412654e+001
+3.27746910000e+004, +4.06754225769e+006, +4.01958590566e+006, +8.36181490099e+001, +7.90020716968e+001
+3.27747097500e+004, +4.10039499479e+006, +4.04387689656e+006, +8.35661165936e+001, +7.89704685508e+001
+3.27747285000e+004, +4.10955079543e+006, +4.06838290493e+006, +8.35328087177e+001, +7.89385276620e+001
+3.27747472500e+004, +4.15009833900e+006, +4.09310676752e+006, +8.37400433024e+001, +7.89062447899e+001
+3.27747660000e+004, +4.16734710668e+006, +4.11805137066e+006, +8.37737602783e+001, +7.88736156168e+001
+3.27747847500e+004, +4.20357701016e+006, +4.14321965129e+006, +8.35026349450e+001, +7.88406357465e+001
+3.27748035000e+004, +4.22473637364e+006, +4.16861459812e+006, +8.37203195543e+001, +7.88073007026e+001
+3.27748222500e+004, +4.25530834857e+006, +4.19423925270e+006, +8.35506155279e+001, +7.87736059263e+001
+3.27748410000e+004, +4.28828104912e+006, +4.22009671061e+006, +8.35761439291e+001, +7.87395467751e+001
+3.27748597500e+004, +4.29216779330e+006, +4.24619012268e+006, +8.35467801032e+001, +7.87051185204e+001
+3.27748785000e+004, +4.33184604432e+006, +4.27252269614e+006, +8.37915695939e+001, +7.86703163460e+001
+3.27748972500e+004, +4.35114407851e+006, +4.29909769595e+006, +8.34455752807e+001, +7.86351353460e+001
+3.27749160000e+004, +4.38754830411e+006, +4.32591844602e+006, +8.36597167826e+001, +7.85995705227e+001
+3.27749347500e+004, +4.41920672005e+006, +4.35298833056e+006, +8.34907403377e+001, +7.85636167845e+001
+3.27749535000e+004, +4.44660656240e+006, +4.38031079549e+006, +8.33819740833e+001, +7.85272689437e+001
+3.27749722500e+004, +4.48255951814e+006, +4.40788934968e+006, +8.36353452304e+001, +7.84905217146e+001
+3.27749910000e+004, +4.49553388786e+006, +4.43572756656e+006, +8.35223444503e+001, +7.84533697110e+001
+3.27750097500e+004, +4.53448131062e+006, +4.46382908547e+006, +8.35735802761e+001, +7.84158074437e+001
+3.27750285000e+004, +4.55134715031e+006, +4.49219761319e+006, +8.33751835214e+001, +7.83778293185e+001
+3.27750472500e+004, +4.58636864684e+006, +4.52083692551e+006, +8.35077639741e+001, +7.83394296335e+001
+3.27750660000e+004, +4.60026633253e+006, +4.54975086881e+006, +8.35888277611e+001, +7.83006025767e+001
+3.27750847500e+004, +4.66640175279e+006, +4.57894336171e+006, +8.34673634202e+001, +7.82613422231e+001
+3.27751035000e+004, +4.68861319533e+006, +4.60841839668e+006, +8.32613457450e+001, +7.82216425326e+001
+3.27751222500e+004, +4.71955539056e+006, +4.63818004185e+006, +8.37139238427e+001, +7.81814973465e+001
+3.27751410000e+004, +4.73032339616e+006, +4.66823244275e+006, +8.35159822625e+001, +7.81409003854e+001
+3.27751597500e+004, +4.76663813742e+006, +4.69857982411e+006, +8.37028999105e+001, +7.80998452458e+001
+3.27751785000e+004, +4.79783190222e+006, +4.72922649177e+006, +8.35250615980e+001, +7.80583253972e+001
+3.27751972500e+004, +4.82420766151e+006, +4.76017683457e+006, +8.35330562200e+001, +7.80163341794e+001
+3.27752160000e+004, +4.86228009185e+006, +4.79143532635e+006, +8.33349810618e+001, +7.79738647986e+001
+3.27752347500e+004, +4.90515108933e+006, +4.82300652800e+006, +8.34022849974e+001, +7.79309103249e+001
+3.27752535000e+004, +4.95071796163e+006, +4.85489508949e+006, +8.33303524150e+001, +7.78874636883e+001
+3.27752722500e+004, +4.94380984257e+006, +4.88710575211e+006, +8.33671882965e+001, +7.78435176759e+001
+3.27752910000e+004, +4.97396928520e+006, +4.91964335062e+006, +8.33897667541e+001, +7.77990649275e+001
+3.27753097500e+004, +5.01717470557e+006, +4.95251281552e+006, +8.34783958761e+001, +7.77540979330e+001
+3.27753285000e+004, +5.07115327713e+006, +4.98571917549e+006, +8.35389683583e+001, +7.77086090275e+001
+3.27753472500e+004, +5.08518273820e+006, +5.01926755965e+006, +8.33669039396e+001, +7.76625903882e+001
+3.27753660000e+004, +5.13911482945e+006, +5.05316320019e+006, +8.31563619228e+001, +7.76160340302e+001
+3.27753847500e+004, +5.19666900888e+006, +5.08741143480e+006, +8.36399371657e+001, +7.75689318020e+001
+3.27754035000e+004, +5.21979319512e+006, +5.12201770938e+006, +8.33366932458e+001, +7.75212753820e+001
+3.27754222500e+004, +5.26471485597e+006, +5.15698758073e+006, +8.33395202946e+001, +7.74730562733e+001
+3.27754410000e+004, +5.26861403829e+006, +5.19232671929e+006, +8.32886884481e+001, +7.74242657997e+001
+3.27754597500e+004, +5.29290573495e+006, +5.22804091209e+006, +8.35684365942e+001, +7.73748951008e+001
+3.27754785000e+004, +5.35301923596e+006, +5.26413606563e+006, +8.30434879259e+001, +7.73249351275e+001
+3.27754972500e+004, +5.37771794455e+006, +5.30061820891e+006, +8.32462679487e+001, +7.72743766366e+001
+3.27755160000e+004, +5.43874541278e+006, +5.33749349668e+006, +8.33793251044e+001, +7.72232101860e+001
+3.27755347500e+004, +5.48813557344e+006, +5.37476821252e+006, +8.33144867593e+001, +7.71714261295e+001
+3.27755535000e+004, +5.51526681607e+006, +5.41244877230e+006, +8.33959844732e+001, +7.71190146109e+001
+3.27755722500e+004, +5.54349543660e+006, +5.45054172748e+006, +8.32044639814e+001, +7.70659655589e+001
+3.27755910000e+004, +5.58220874180e+006, +5.48905376874e+006, +8.33906778794e+001, +7.70122686812e+001
+3.27756097500e+004, +5.62727452519e+006, +5.52799172957e+006, +8.33867733535e+001, +7.69579134583e+001
+3.27756285000e+004, +5.67466623587e+006, +5.56736259005e+006, +8.32658091972e+001, +7.69028891376e+001
+3.27756472500e+004, +5.70363877572e+006, +5.60717348070e+006, +8.32054594697e+001, +7.68471847266e+001
+3.27756660000e+004, +5.76088600327e+006, +5.64743168647e+006, +8.32829809042e+001, +7.67907889870e+001
+3.27756847500e+004, +5.77479345480e+006, +5.68814465082e+006, +8.31319430413e+001, +7.67336904274e+001
+3.27757035000e+004, +5.81802746081e+006, +5.72931998008e+006, +8.33060639224e+001, +7.66758772964e+001
+3.27757222500e+004, +5.86046308758e+006, +5.77096544766e+006, +8.31580096667e+001, +7.66173375753e+001
+3.27757410000e+004, +5.92607781066e+006, +5.81308899870e+006, +8.31608117860e+001, +7.65580589709e+001
+3.27757597500e+004, +5.97535592066e+006, +5.85569875464e+006, +8.31501469179e+001, +7.64980289074e+001
+3.27757785000e+004, +6.01812666652e+006, +5.89880301802e+006, +8.27031364074e+001, +7.64372345186e+001
+3.27757972500e+004, +6.05614414813e+006, +5.94241027760e+006, +8.32796695439e+001, +7.63756626397e+001
+3.27758160000e+004, +6.12446550800e+006, +5.98652921319e+006, +8.31610387042e+001, +7.63132997984e+001
+3.27758347500e+004, +6.16310189043e+006, +6.03116870123e+006, +8.31203677051e+001, +7.62501322066e+001
+3.27758535000e+004, +6.20633950273e+006, +6.07633782002e+006, +8.34592853978e+001, +7.61861457507e+001
+3.27758722500e+004, +6.26663379314e+006, +6.12204585545e+006, +8.29777234821e+001, +7.61213259827e+001
+3.27758910000e+004, +6.30572786652e+006, +6.16830230684e+006, +8.31875908435e+001, +7.60556581099e+001
+3.27759097500e+004, +6.37434369358e+006, +6.21511689285e+006, +8.28008792545e+001, +7.59891269852e+001
+3.27759285000e+004, +6.39082580257e+006, +6.26249955779e+006, +8.32772873595e+001, +7.59217170964e+001
+3.27759472500e+004, +6.44606600624e+006, +6.31046047796e+006, +8.28553315546e+001, +7.58534125552e+001
+3.27759660000e+004, +6.48671072019e+006, +6.35901006825e+006, +8.29206315567e+001, +7.57841970865e+001
+3.27759847500e+004, +6.54724852784e+006, +6.40815898907e+006, +8.30764179887e+001, +7.57140540163e+001
+3.27760035000e+004, +6.61097211488e+006, +6.45791815331e+006, +8.30375505691e+001, +7.56429662598e+001
+3.27760222500e+004, +6.67462102736e+006, +6.50829873376e+006, +8.32199336750e+001, +7.55709163089e+001
+3.27760410000e+004, +6.69670806953e+006, +6.55931217055e+006, +8.27285267775e+001, +7.54978862195e+001
+3.27760597500e+004, +6.76896283750e+006, +6.61097017902e+006, +8.28285731848e+001, +7.54238575979e+001
+3.27760785000e+004, +6.81679898622e+006, +6.66328475783e+006, +8.29952257846e+001, +7.53488115868e+001
+3.27760972500e+004, +6.84381547421e+006, +6.71626819720e+006, +8.29619699031e+001, +7.52727288513e+001
+3.27761160000e+004, +6.93852438216e+006, +6.76993308767e+006, +8.28517589170e+001, +7.51955895637e+001
+3.27761347500e+004, +6.96525552366e+006, +6.82429232892e+006, +8.28090958982e+001, +7.51173733881e+001
+3.27761535000e+004, +7.05646647158e+006, +6.87935913902e+006, +8.28860202927e+001, +7.50380594645e+001
+3.27761722500e+004, +7.09064753864e+006, +6.93514706417e+006, +8.29817852092e+001, +7.49576263918e+001
+3.27761910000e+004, +7.15891130931e+006, +6.99166998828e+006, +8.29880761084e+001, +7.48760522111e+001
+3.27762097500e+004, +7.21839218405e+006, +7.04894214348e+006, +8.25415732423e+001, +7.47933143873e+001
+3.27762285000e+004, +7.29139311120e+006, +7.10697812058e+006, +8.27574175765e+001, +7.47093897907e+001
+3.27762472500e+004, +7.33078479475e+006, +7.16579288001e+006, +8.28941252135e+001, +7.46242546776e+001
+3.27762660000e+004, +7.42839576350e+006, +7.22540176333e+006, +8.30976658847e+001, +7.45378846706e+001
+3.27762847500e+004, +7.46211239118e+006, +7.28582050475e+006, +8.27403913385e+001, +7.44502547373e+001
+3.27763035000e+004, +7.53365175122e+006, +7.34706524357e+006, +8.26583131184e+001, +7.43613391689e+001
+3.27763222500e+004, +7.62457848284e+006, +7.40915253653e+006, +8.23980925274e+001, +7.42711115578e+001
+3.27763410000e+004, +7.67353244787e+006, +7.47209937100e+006, +8.26822523694e+001, +7.41795447742e+001
+3.27763597500e+004, +7.80515268859e+006, +7.53592317853e+006, +8.30394602995e+001, +7.40866109417e+001
+3.27763785000e+004, +7.82079520776e+006, +7.60064184872e+006, +8.27269876872e+001, +7.39922814123e+001
+3.27763972500e+004, +7.91161215484e+006, +7.66627374396e+006, +8.28359901903e+001, +7.38965267401e+001
+3.27764160000e+004, +7.95351377840e+006, +7.73283771417e+006, +8.28824382794e+001, +7.37993166537e+001
+3.27764347500e+004, +8.06553185237e+006, +7.80035311260e+006, +8.30273475954e+001, +7.37006200284e+001
+3.27764535000e+004, +8.10959984875e+006, +7.86883981196e+006, +8.28116279539e+001, +7.36004048560e+001
+3.27764722500e+004, +8.15377606328e+006, +7.93831822101e+006, +8.27777553113e+001, +7.34986382148e+001
+3.27764910000e+004, +8.28276799480e+006, +8.00880930215e+006, +8.29876526391e+001, +7.33952862367e+001
+3.27765097500e+004, +8.36592454966e+006, +8.08033458915e+006, +8.28358708421e+001, +7.32903140750e+001
+3.27765285000e+004, +8.35123379458e+006, +8.15291620590e+006, +8.21286827045e+001, +7.31836858686e+001
+3.27765472500e+004, +8.49976306477e+006, +8.22657688588e+006, +8.23798016186e+001, +7.30753647066e+001
+3.27765660000e+004, +8.59379952264e+006, +8.30133999186e+006, +8.22952570124e+001, +7.29653125904e+001
+3.27765847500e+004, +8.64296274093e+006, +8.37722953706e+006, +8.26223169878e+001, +7.28534903946e+001
+3.27766035000e+004, +8.82421731337e+006, +8.45427020638e+006, +8.23736032516e+001, +7.27398578258e+001
+3.27766222500e+004, +8.80082449699e+006, +8.53248737893e+006, +8.26704764278e+001, +7.26243733805e+001
+3.27766410000e+004, +8.91615683145e+006, +8.61190715121e+006, +8.20291925091e+001, +7.25069943002e+001
+3.27766597500e+004, +9.02960646333e+006, +8.69255636095e+006, +8.23649782239e+001, +7.23876765252e+001
+3.27766785000e+004, +9.04657189592e+006, +8.77446261225e+006, +8.23001781581e+001, +7.22663746463e+001
+3.27766972500e+004, +9.18617738687e+006, +8.85765430130e+006, +8.20473428335e+001, +7.21430418545e+001
+3.27767160000e+004, +9.32089980360e+006, +8.94216064316e+006, +8.26303798536e+001, +7.20176298881e+001
+3.27767347500e+004, +9.34748056547e+006, +9.02801169966e+006, +8.22939832538e+001, +7.18900889778e+001
+3.27767535000e+004, +9.48828680079e+006, +9.11523840809e+006, +8.24739085847e+001, +7.17603677894e+001
+3.27767722500e+004, +9.64180914671e+006, +9.20387261131e+006, +8.19361706329e+001, +7.16284133640e+001
+3.27767910000e+004, +9.69676924896e+006, +9.29394708841e+006, +8.20011042876e+001, +7.14941710553e+001
+3.27768097500e+004, +9.79943789085e+006, +9.38549558715e+006, +8.23115214832e+001, +7.13575844640e+001
+3.27768285000e+004, +9.91047504987e+006, +9.47855285714e+006, +8.17816244201e+001, +7.12185953700e+001
+3.27768472500e+004, +9.96657658006e+006, +9.57315468438e+006, +8.23644208823e+001, +7.10771436607e+001
+3.27768660000e+004, +1.00388912349e+007, +9.66933792713e+006, +8.18534023162e+001, +7.09331672563e+001
+3.27768847500e+004, +1.02354412548e+007, +9.76714055297e+006, +8.19663262527e+001, +7.07866020319e+001
+3.27769035000e+004, +1.03474884039e+007, +9.86660167716e+006, +8.18159084379e+001, +7.06373817361e+001
+3.27769222500e+004, +1.04083112564e+007, +9.96776160272e+006, +8.19048421575e+001, +7.04854379051e+001
+3.27769410000e+004, +1.06258281058e+007, +1.00706618614e+007, +8.19450940112e+001, +7.03306997739e+001
+3.27769597500e+004, +1.06818661481e+007, +1.01753452567e+007, +8.18527923945e+001, +7.01730941825e+001
+3.27769785000e+004, +1.07877853649e+007, +1.02818559078e+007, +8.21687306892e+001, +7.00125454784e+001
+3.27769972500e+004, +1.08981135613e+007, +1.03902392954e+007, +8.19885519114e+001, +6.98489754142e+001
+3.27770160000e+004, +1.11746593041e+007, +1.05005423095e+007, +8.19783142317e+001, +6.96823030398e+001
+3.27770347500e+004, +1.11575748592e+007, +1.06128132976e+007, +8.20017798138e+001, +6.95124445911e+001
+3.27770535000e+004, +1.12489309129e+007, +1.07271021161e+007, +8.19562450157e+001, +6.93393133715e+001
+3.27770722500e+004, +1.14483437742e+007, +1.08434601819e+007, +8.21433093640e+001, +6.91628196296e+001
+3.27770910000e+004, +1.16358662499e+007, +1.09619405266e+007, +8.18915306352e+001, +6.89828704293e+001
+3.27771097500e+004, +1.16405374643e+007, +1.10825978528e+007, +8.15551519840e+001, +6.87993695152e+001
+3.27771285000e+004, +1.19481071690e+007, +1.12054885903e+007, +8.12551423328e+001, +6.86122171708e+001
+3.27771472500e+004, +1.19761677139e+007, +1.13306709564e+007, +8.11441946820e+001, +6.84213100695e+001
+3.27771660000e+004, +1.22332551326e+007, +1.14582050162e+007, +8.15011772300e+001, +6.82265411195e+001
+3.27771847500e+004, +1.23752841512e+007, +1.15881527452e+007, +8.15633420918e+001, +6.80277993002e+001
+3.27772035000e+004, +1.24749517850e+007, +1.17205780938e+007, +8.15704142750e+001, +6.78249694909e+001
+3.27772222500e+004, +1.27106373139e+007, +1.18555470532e+007, +8.13490432856e+001, +6.76179322921e+001
+3.27772410000e+004, +1.28142756536e+007, +1.19931277228e+007, +8.11313089404e+001, +6.74065638358e+001
+3.27772597500e+004, +1.28854632947e+007, +1.21333903796e+007, +8.15720118096e+001, +6.71907355895e+001
+3.27772785000e+004, +1.31439513535e+007, +1.22764075483e+007, +8.16245334238e+001, +6.69703141488e+001
+3.27772972500e+004, +1.33056348267e+007, +1.24222540735e+007, +8.12528641351e+001, +6.67451610196e+001
+3.27773160000e+004, +1.36311083105e+007, +1.25710071925e+007, +8.02816420613e+001, +6.65151323914e+001
+3.27773347500e+004, +1.37089274265e+007, +1.27227466095e+007, +8.09169360076e+001, +6.62800788973e+001
+3.27773535000e+004, +1.38537602351e+007, +1.28775545704e+007, +8.03648105517e+001, +6.60398453647e+001
+3.27773722500e+004, +1.41861941658e+007, +1.30355159378e+007, +8.07963061980e+001, +6.57942705521e+001
+3.27773910000e+004, +1.42748806548e+007, +1.31967182672e+007, +8.07918180007e+001, +6.55431868732e+001
+3.27774097500e+004, +1.43486016505e+007, +1.33612518818e+007, +8.13249796295e+001, +6.52864201094e+001
+3.27774285000e+004, +1.47037906509e+007, +1.35292099479e+007, +8.01996428026e+001, +6.50237891059e+001
+3.27774472500e+004, +1.48645604086e+007, +1.37006885487e+007, +8.05029810699e+001, +6.47551054557e+001
+3.27774660000e+004, +1.51145319293e+007, +1.38757867559e+007, +8.05202147669e+001, +6.44801731670e+001
+3.27774847500e+004, +1.51828449052e+007, +1.40546067011e+007, +8.07553642888e+001, +6.41987883144e+001
+3.27775035000e+004, +1.56822246225e+007, +1.42372536411e+007, +8.02683475733e+001, +6.39107386765e+001
+3.27775222500e+004, +1.58357036783e+007, +1.44238360224e+007, +8.03165960934e+001, +6.36158033529e+001
+3.27775410000e+004, +1.60012638790e+007, +1.46144655384e+007, +8.02438404744e+001, +6.33137523672e+001
+3.27775597500e+004, +1.62331480444e+007, +1.48092571817e+007, +8.04506052884e+001, +6.30043462492e+001
+3.27775785000e+004, +1.66315168082e+007, +1.50083292892e+007, +8.02921175989e+001, +6.26873356000e+001
+3.27775972500e+004, +1.68548142256e+007, +1.52118035768e+007, +8.03391011636e+001, +6.23624606387e+001
+3.27776160000e+004, +1.72488233411e+007, +1.54198051655e+007, +8.05789566011e+001, +6.20294507269e+001
+3.27776347500e+004, +1.72750235882e+007, +1.56324625926e+007, +7.95552708637e+001, +6.16880238778e+001
+3.27776535000e+004, +1.76523748328e+007, +1.58499078095e+007, +7.91174507666e+001, +6.13378862408e+001
+3.27776722500e+004, +1.78350273357e+007, +1.60722761622e+007, +7.98072198189e+001, +6.09787315691e+001
+3.27776910000e+004, +1.81862586193e+007, +1.62997063494e+007, +8.00715155692e+001, +6.06102406667e+001
+3.27777097500e+004, +1.85271387908e+007, +1.65323403592e+007, +7.89530305820e+001, +6.02320808141e+001
+3.27777285000e+004, +1.89461270590e+007, +1.67703233771e+007, +7.99293392456e+001, +5.98439051773e+001
+3.27777472500e+004, +1.89998455050e+007, +1.70138036619e+007, +8.00293302580e+001, +5.94453521967e+001
+3.27777660000e+004, +1.97557911638e+007, +1.72629323869e+007, +7.91226722070e+001, +5.90360449579e+001
+3.27777847500e+004, +1.98378445887e+007, +1.75178634373e+007, +7.83395824037e+001, +5.86155905487e+001
+3.27778035000e+004, +2.00334780790e+007, +1.77787531609e+007, +7.83342336198e+001, +5.81835794003e+001
+3.27778222500e+004, +2.06611151880e+007, +1.80457600642e+007, +7.91273876893e+001, +5.77395846171e+001
+3.27778410000e+004, +2.11669352975e+007, +1.83190444457e+007, +7.95166761129e+001, +5.72831612998e+001
+3.27778597500e+004, +2.14189687174e+007, +1.85987679597e+007, +7.83366355462e+001, +5.68138458600e+001
+3.27778785000e+004, +2.19740575378e+007, +1.88850930979e+007, +7.82176080662e+001, +5.63311553398e+001
+3.27778972500e+004, +2.24842230675e+007, +1.91781825834e+007, +7.84484905609e+001, +5.58345867321e+001
+3.27779160000e+004, +2.23538142962e+007, +1.94781986596e+007, +7.89819801745e+001, +5.53236163172e+001
+3.27779347500e+004, +2.34882234002e+007, +1.97853022650e+007, +7.80410504941e+001, +5.47976990182e+001
+3.27779535000e+004, +2.40498686436e+007, +2.00996520801e+007, +7.84150171851e+001, +5.42562677850e+001
+3.27779722500e+004, +2.42347566676e+007, +2.04214034259e+007, +7.62991736258e+001, +5.36987330240e+001
+3.27779910000e+004, +2.50011044800e+007, +2.07507070037e+007, +7.67811314615e+001, +5.31244820777e+001
+3.27780097500e+004, +2.54435018002e+007, +2.10877074514e+007, +7.68277234945e+001, +5.25328787793e+001
+3.27780285000e+004, +2.60560716183e+007, +2.14325417007e+007, +7.72411301498e+001, +5.19232630913e+001
+3.27780472500e+004, +2.69254363722e+007, +2.17853371110e+007, +7.65155354778e+001, +5.12949508566e+001
+3.27780660000e+004, +2.70635546079e+007, +2.21462093575e+007, +7.66539800668e+001, +5.06472336815e+001
+3.27780847500e+004, +2.85102660567e+007, +2.25152600502e+007, +7.52051692483e+001, +4.99793789788e+001
+3.27781035000e+004, +2.93516189429e+007, +2.28925740563e+007, +7.65225368797e+001, +4.92906302044e+001
+3.27781222500e+004, +2.99963307702e+007, +2.32782165020e+007, +7.59282271095e+001, +4.85802073222e+001
+3.27781410000e+004, +3.09825921919e+007, +2.36722294266e+007, +7.58128085345e+001, +4.78473075332e+001
+3.27781597500e+004, +3.05565505395e+007, +2.40746280613e+007, +7.63260795986e+001, +4.70911063231e+001
+3.27781785000e+004, +3.23452178154e+007, +2.44853967121e+007, +7.39576745467e+001, +4.63107588672e+001
+3.27781972500e+004, +3.30866499895e+007, +2.49044842183e+007, +7.48197448335e+001, +4.55054018594e+001
+3.27782160000e+004, +3.38900803636e+007, +2.53317989729e+007, +7.41507813439e+001, +4.46741558185e+001
+3.27782347500e+004, +3.43710848332e+007, +2.57672034918e+007, +7.39765200922e+001, +4.38161279377e+001
+3.27782535000e+004, +3.62977397919e+007, +2.62105085185e+007, +7.33301862796e+001, +4.29304155587e+001
+3.27782722500e+004, +3.79490982607e+007, +2.66614666796e+007, +7.42768981265e+001, +4.20161103309e+001
+3.27782910000e+004, +3.80365490033e+007, +2.71197656970e+007, +7.23759851572e+001, +4.10723031503e+001
+3.27783097500e+004, +4.06305044943e+007, +2.75850211971e+007, +7.10513278607e+001, +4.00980899468e+001
+3.27783285000e+004, +4.21122762158e+007, +2.80567691670e+007, +7.17096534584e+001, +3.90925784085e+001
+3.27783472500e+004, +4.29248935347e+007, +2.85344581326e+007, +7.04080962067e+001, +3.80548957246e+001
+3.27783660000e+004, +4.47886280764e+007, +2.90174411698e+007, +7.06116025702e+001, +3.69841974085e+001
+3.27783847500e+004, +4.59974667890e+007, +2.95049678807e+007, +6.95181246099e+001, +3.58796772801e+001
+3.27784035000e+004, +4.63028855254e+007, +2.99961765159e+007, +6.84928007022e+001, +3.47405786432e+001
+3.27784222500e+004, +4.85589436677e+007, +3.04900864600e+007, +6.78340978730e+001, +3.35662066909e+001
+3.27784410000e+004, +5.36842799204e+007, +3.09855913400e+007, +6.74490843715e+001, +3.23559421417e+001
+3.27784597500e+004, +5.48656918839e+007, +3.14814530711e+007, +6.82961104221e+001, +3.11092560603e+001
+3.27784785000e+004, +5.87257906571e+007, +3.19762971893e+007, +6.63411507323e+001, +2.98257257976e+001
+3.27784972500e+004, +6.08840589796e+007, +3.24686098730e+007, +6.57904434247e+001, +2.85050519012e+001
+3.27785160000e+004, +6.06760398600e+007, +3.29567370854e+007, +6.21652220102e+001, +2.71470758144e+001
+3.27785347500e+004, +6.31751639047e+007, +3.34388862939e+007, +6.62394467359e+001, +2.57517980941e+001
+3.27785535000e+004, +7.13064820682e+007, +3.39131312329e+007, +6.30569624755e+001, +2.43193968121e+001
+3.27785722500e+004, +7.01121129924e+007, +3.43774201570e+007, +5.72876433748e+001, +2.28502457246e+001
+3.27785910000e+004, +7.73309187445e+007, +3.48295879923e+007, +6.07088499599e+001, +2.13449317114e+001
+3.27786097500e+004, +8.59491277542e+007, +3.52673727164e+007, +5.36389541496e+001, +1.98042709184e+001
+3.27786285000e+004, +8.84095216399e+007, +3.56884361785e+007, +6.44126521938e+001, +1.82293229840e+001
+3.27786472500e+004, +8.94604113743e+007, +3.60903894301e+007, +5.16218323267e+001, +1.66214026604e+001
+3.27786660000e+004, +9.16007183314e+007, +3.64708224372e+007, +4.86173119472e+001, +1.49820881588e+001
+3.27786847500e+004, +1.02634660765e+008, +3.68273378290e+007, +4.55602157835e+001, +1.33132255273e+001
+3.27787035000e+004, +1.12105551528e+008, +3.71575880956e+007, +3.94293035832e+001, +1.16169284420e+001
+3.27787222500e+004, +1.21892435124e+008, +3.74593153884e+007, +3.81295704093e+001, +9.89557288906e+000
+3.27787410000e+004, +1.42042212782e+008, +3.77303928459e+007, +3.94184425051e+001, +8.15178632542e+000
+3.27787597500e+004, +1.51538990916e+008, +3.79688661423e+007, +3.25460753970e+001, +6.38843112825e+000
+3.27787785000e+004, +1.41225483592e+008, +3.81729938102e+007, +2.40080072580e+001, +4.60858231306e+000
+3.27787972500e+004, +1.61467006572e+008, +3.83412847947e+007, +1.69258608734e+001, +2.81549976524e+000
+3.27788160000e+004, +1.64243743447e+008, +3.84725317002e+007, +8.01348163002e+000, +1.01259548099e+000
+3.27788347500e+004, +1.87567067479e+008, +3.85658382983e+007, -4.07393049297e+000, -7.96603470440e-001
+3.27788535000e+004, +1.84804536663e+008, +3.86206400612e+007, -7.72749424786e+000, -2.60849530062e+000
+3.27788722500e+004, +1.86973162021e+008, +3.86367167795e+007, -1.20224152605e+001, -4.41944606153e+000
+3.27788910000e+004, +1.63100678974e+008, +3.86141966859e+007, -1.69415630544e+001, -6.22583315622e+000
+3.27789097500e+004, +1.63870744497e+008, +3.85535519117e+007, -3.07915210257e+001, -8.02408851333e+000
+3.27789285000e+004, +1.54672462693e+008, +3.84555855265e+007, -3.34215239639e+001, -9.81074015022e+000
+3.27789472500e+004, +1.38845332728e+008, +3.83214108045e+007, -4.49906097250e+001, -1.15824509247e+001
+3.27789660000e+004, +1.19598232218e+008, +3.81524237138e+007, -4.67225535110e+001, -1.33360534520e+001
+3.27789847500e+004, +1.14719444718e+008, +3.79502698904e+007, -4.62734521510e+001, -1.50685803442e+001
+3.27790035000e+004, +1.06237619101e+008, +3.77168075427e+007, -4.99477693055e+001, -1.67772891582e+001
+3.27790222500e+004, +1.07509149015e+008, +3.74540678036e+007, -5.78856394568e+001, -1.84596817148e+001
+3.27790410000e+004, +1.01756491596e+008, +3.71642140406e+007, -5.63199960455e+001, -2.01135176542e+001
+3.27790597500e+004, +8.84131660719e+007, +3.68495015234e+007, -6.30884289113e+001, -2.17368223621e+001
+3.27790785000e+004, +8.39812780357e+007, +3.65122386868e+007, -6.42723895897e+001, -2.33278895731e+001
+3.27790972500e+004, +7.98367642932e+007, +3.61547510136e+007, -6.73302653180e+001, -2.48852791079e+001
+3.27791160000e+004, +7.46829647948e+007, +3.57793483135e+007, -6.82768602909e+001, -2.64078103566e+001
+3.27791347500e+004, +7.26803890786e+007, +3.53882959426e+007, -6.93061511991e+001, -2.78945521337e+001
+3.27791535000e+004, +7.33274982421e+007, +3.49837902646e+007, -6.79023628148e+001, -2.93448096181e+001
+3.27791722500e+004, +6.52664945244e+007, +3.45679384501e+007, -7.05227865032e+001, -3.07581090484e+001
+3.27791910000e+004, +6.39966603671e+007, +3.41427425371e+007, -7.31922493751e+001, -3.21341808251e+001
+3.27792097500e+004, +5.90047349179e+007, +3.37100875273e+007, -7.43983260488e+001, -3.34729416295e+001
+3.27792285000e+004, +5.87054129011e+007, +3.32717331998e+007, -7.51224204082e+001, -3.47744760735e+001
+3.27792472500e+004, +5.58453921566e+007, +3.28293092454e+007, -7.47040436393e+001, -3.60390183493e+001
+3.27792660000e+004, +5.45724312165e+007, +3.23843132968e+007, -7.30433110262e+001, -3.72669342441e+001
+3.27792847500e+004, +5.38180346604e+007, +3.19381114113e+007, -7.99088724485e+001, -3.84587038207e+001
+3.27793035000e+004, +5.08343311378e+007, +3.14919405729e+007, -7.63571644660e+001, -3.96149049963e+001
+3.27793222500e+004, +4.70701451951e+007, +3.10469128095e+007, -7.82638359269e+001, -4.07361981689e+001
+3.27793410000e+004, +4.52277997123e+007, +3.06040205464e+007, -7.82136003613e+001, -4.18233120081e+001
+3.27793597500e+004, +4.52059965367e+007, +3.01641428657e+007, -7.85085531596e+001, -4.28770304596e+001
+3.27793785000e+004, +4.45706358822e+007, +2.97280523817e+007, -7.96926742909e+001, -4.38981809770e+001
+3.27793972500e+004, +4.13086181895e+007, +2.92964224819e+007, -7.74577339111e+001, -4.48876239772e+001
+3.27794160000e+004, +4.06605708084e+007, +2.88698347337e+007, -8.04766334137e+001, -4.58462434645e+001
+3.27794347500e+004, +4.00238600957e+007, +2.84487862862e+007, -8.07705954457e+001, -4.67749387796e+001
+3.27794535000e+004, +3.85722175610e+007, +2.80336971369e+007, -8.15790053965e+001, -4.76746173999e+001
+3.27794722500e+004, +3.92620531061e+007, +2.76249171654e+007, -8.25242755634e+001, -4.85461887088e+001
+3.27794910000e+004, +3.70938306243e+007, +2.72227328549e+007, -7.96983189152e+001, -4.93905586651e+001
+3.27795097500e+004, +3.47392623551e+007, +2.68273736564e+007, -8.27064319495e+001, -5.02086252755e+001
+3.27795285000e+004, +3.50219681357e+007, +2.64390179562e+007, -8.21590815648e+001, -5.10012748055e+001
+3.27795472500e+004, +3.37694635790e+007, +2.60577986334e+007, -8.35997048441e+001, -5.17693786397e+001
+3.27795660000e+004, +3.30494249998e+007, +2.56838082014e+007, -8.43013493003e+001, -5.25137907206e+001
+3.27795847500e+004, +3.27441416294e+007, +2.53171035322e+007, -8.43092213728e+001, -5.32353455027e+001
+3.27796035000e+004, +3.10322821929e+007, +2.49577101812e+007, -8.42746602807e+001, -5.39348563491e+001
+3.27796222500e+004, +3.03833001026e+007, +2.46056263223e+007, -8.34438234566e+001, -5.46131143201e+001
+3.27796410000e+004, +2.97767785989e+007, +2.42608263154e+007, -8.40826846405e+001, -5.52708872989e+001
+3.27796597500e+004, +2.87984316394e+007, +2.39232639289e+007, -8.37056579017e+001, -5.59089194021e+001
+3.27796785000e+004, +2.85931232934e+007, +2.35928752370e+007, -8.32220761979e+001, -5.65279306411e+001
+3.27796972500e+004, +2.80426869352e+007, +2.32695812184e+007, -8.52737218499e+001, -5.71286167899e+001
+3.27797160000e+004, +2.78149669017e+007, +2.29532900789e+007, -8.49488888446e+001, -5.77116494283e+001
+3.27797347500e+004, +2.72782846129e+007, +2.26438993195e+007, -8.51218564658e+001, -5.82776761321e+001
+3.27797535000e+004, +2.72511490859e+007, +2.23412975752e+007, -8.59272463270e+001, -5.88273207816e+001
+3.27797722500e+004, +2.58501367612e+007, +2.20453662413e+007, -8.47551046664e+001, -5.93611839711e+001
+3.27797910000e+004, +2.51451767433e+007, +2.17559809115e+007, -8.59919457983e+001, -5.98798434940e+001
+3.27798097500e+004, +2.49974327186e+007, +2.14730126425e+007, -8.62836050272e+001, -6.03838548909e+001
+3.27798285000e+004, +2.44136723447e+007, +2.11963290640e+007, -8.60396748448e+001, -6.08737520476e+001
+3.27798472500e+004, +2.44413748786e+007, +2.09257953515e+007, -8.61796406610e+001, -6.13500478236e+001
+3.27798660000e+004, +2.37896693958e+007, +2.06612750713e+007, -8.67868897855e+001, -6.18132347108e+001
+3.27798847500e+004, +2.32439129987e+007, +2.04026309178e+007, -8.59403383514e+001, -6.22637855044e+001
+3.27799035000e+004, +2.29147206518e+007, +2.01497253495e+007, -8.59527895837e+001, -6.27021539844e+001
+3.27799222500e+004, +2.30779885916e+007, +1.99024211371e+007, -8.68465734682e+001, -6.31287755999e+001
+3.27799410000e+004, +2.23663519101e+007, +1.96605818339e+007, -8.67245940394e+001, -6.35440681485e+001
+3.27799597500e+004, +2.18379182022e+007, +1.94240721758e+007, -8.75891994282e+001, -6.39484324533e+001
+3.27799785000e+004, +2.15131160314e+007, +1.91927584212e+007, -8.72991242871e+001, -6.43422530246e+001
+3.27799972500e+004, +2.10243468306e+007, +1.89665086353e+007, -8.74657984954e+001, -6.47258987118e+001
+3.27800160000e+004, +2.10421861665e+007, +1.87451929271e+007, -8.75832514584e+001, -6.50997233405e+001
+3.27800347500e+004, +2.06338246373e+007, +1.85286836452e+007, -8.70214184322e+001, -6.54640663305e+001
+3.27800535000e+004, +2.02326780902e+007, +1.83168555352e+007, -8.58897438418e+001, -6.58192532980e+001
+3.27800722500e+004, +1.98224916392e+007, +1.81095858659e+007, -8.73663333716e+001, -6.61655966373e+001
+3.27800910000e+004, +2.02681519936e+007, +1.79067545274e+007, -8.76603767149e+001, -6.65033960839e+001
+3.27801097500e+004, +1.92345186461e+007, +1.77082441031e+007, -8.77895780371e+001, -6.68329392578e+001
+3.27801285000e+004, +1.92365239960e+007, +1.75139399228e+007, -8.81197852105e+001, -6.71545021860e+001
+3.27801472500e+004, +1.87412019948e+007, +1.73237300946e+007, -8.78743627361e+001, -6.74683498055e+001
+3.27801660000e+004, +1.84947313585e+007, +1.71375055229e+007, -8.87179568700e+001, -6.77747364461e+001
+3.27801847500e+004, +1.85033702303e+007, +1.69551599117e+007, -8.89070492130e+001, -6.80739062941e+001
+3.27802035000e+004, +1.82869339482e+007, +1.67765897559e+007, -8.80626352515e+001, -6.83660938366e+001
+3.27802222500e+004, +1.80272677717e+007, +1.66016943233e+007, -8.85872046196e+001, -6.86515242867e+001
+3.27802410000e+004, +1.76842458994e+007, +1.64303756274e+007, -8.78738942787e+001, -6.89304139911e+001
+3.27802597500e+004, +1.76886304148e+007, +1.62625383934e+007, -8.86443869125e+001, -6.92029708188e+001
+3.27802785000e+004, +1.74310418150e+007, +1.60980900181e+007, -8.88940373026e+001, -6.94693945339e+001
+3.27802972500e+004, +1.71922369018e+007, +1.59369405249e+007, -8.85366777803e+001, -6.97298771515e+001
+3.27803160000e+004, +1.71631975722e+007, +1.57790025149e+007, -8.81543513398e+001, -6.99846032764e+001
+3.27803347500e+004, +1.66144888077e+007, +1.56241911140e+007, -8.89809676193e+001, -7.02337504285e+001
+3.27803535000e+004, +1.66637246560e+007, +1.54724239189e+007, -8.84956006882e+001, -7.04774893514e+001
+3.27803722500e+004, +1.62870323738e+007, +1.53236209398e+007, -8.81668955425e+001, -7.07159843080e+001
+3.27803910000e+004, +1.61643627592e+007, +1.51777045420e+007, -8.84625620350e+001, -7.09493933624e+001
+3.27804097500e+004, +1.60028991379e+007, +1.50345993871e+007, -8.84636946852e+001, -7.11778686483e+001
+3.27804285000e+004, +1.58912676990e+007, +1.48942323731e+007, -8.92687100055e+001, -7.14015566253e+001
+3.27804472500e+004, +1.57988474866e+007, +1.47565325745e+007, -8.88086554886e+001, -7.16205983233e+001
+3.27804660000e+004, +1.56282673929e+007, +1.46214311821e+007, -8.88340630873e+001, -7.18351295753e+001
+3.27804847500e+004, +1.54320032227e+007, +1.44888614435e+007, -8.87917252523e+001, -7.20452812402e+001
+3.27805035000e+004, +1.52391554671e+007, +1.43587586039e+007, -8.82904664205e+001, -7.22511794134e+001
+3.27805222500e+004, +1.50011015247e+007, +1.42310598478e+007, -8.92554456048e+001, -7.24529456303e+001
+3.27805410000e+004, +1.47968590716e+007, +1.41057042409e+007, -8.96565529234e+001, -7.26506970574e+001
+3.27805597500e+004, +1.48072462452e+007, +1.39826326742e+007, -8.89728275788e+001, -7.28445466768e+001
+3.27805785000e+004, +1.46188313147e+007, +1.38617878074e+007, -8.93800368681e+001, -7.30346034613e+001
+3.27805972500e+004, +1.44101482725e+007, +1.37431140153e+007, -8.92710673247e+001, -7.32209725408e+001
+3.27806160000e+004, +1.43954037375e+007, +1.36265573336e+007, -8.94278324721e+001, -7.34037553625e+001
+3.27806347500e+004, +1.42331107357e+007, +1.35120654077e+007, -8.94520911815e+001, -7.35830498418e+001
+3.27806535000e+004, +1.41177362697e+007, +1.33995874414e+007, -8.94555052178e+001, -7.37589505080e+001
+3.27806722500e+004, +1.41035686951e+007, +1.32890741475e+007, -8.97200387660e+001, -7.39315486424e+001
+3.27806910000e+004, +1.38477421234e+007, +1.31804776997e+007, -8.99392991692e+001, -7.41009324099e+001
+3.27807097500e+004, +1.37119055707e+007, +1.30737516858e+007, -8.98345911112e+001, -7.42671869859e+001
+3.27807285000e+004, +1.36520404696e+007, +1.29688510622e+007, -8.93021706752e+001, -7.44303946751e+001
+3.27807472500e+004, +1.33807622893e+007, +1.28657321099e+007, -8.92896948998e+001, -7.45906350277e+001
+3.27807660000e+004, +1.34736833014e+007, +1.27643523912e+007, -8.97363071381e+001, -7.47479849480e+001
+3.27807847500e+004, +1.32891146738e+007, +1.26646707088e+007, -9.01339148847e+001, -7.49025187996e+001
+3.27808035000e+004, +1.30715406104e+007, +1.25666470652e+007, -8.95796171560e+001, -7.50543085049e+001
+3.27808222500e+004, +1.29290665393e+007, +1.24702426235e+007, -8.99204782288e+001, -7.52034236414e+001
+3.27808410000e+004, +1.29406664224e+007, +1.23754196702e+007, -8.96411554051e+001, -7.53499315320e+001
+3.27808597500e+004, +1.26384878547e+007, +1.22821415785e+007, -8.96044599913e+001, -7.54938973330e+001
+3.27808785000e+004, +1.26257280651e+007, +1.21903727726e+007, -8.98041236702e+001, -7.56353841171e+001
+3.27808972500e+004, +1.26094259484e+007, +1.21000786942e+007, -9.00636530667e+001, -7.57744529531e+001
+3.27809160000e+004, +1.25521167903e+007, +1.20112257688e+007, -8.99246936716e+001, -7.59111629825e+001
+3.27809347500e+004, +1.22705802401e+007, +1.19237813743e+007, -9.00455393429e+001, -7.60455714918e+001
+3.27809535000e+004, +1.23918711854e+007, +1.18377138098e+007, -9.02771393677e+001, -7.61777339829e+001
+3.27809722500e+004, +1.22093423696e+007, +1.17529922660e+007, -8.98061412846e+001, -7.63077042397e+001
+3.27809910000e+004, +1.22111122611e+007, +1.16695867963e+007, -8.98946710786e+001, -7.64355343916e+001
+3.27810097500e+004, +1.19718860194e+007, +1.15874682889e+007, -8.98955980167e+001, -7.65612749752e+001
+3.27810285000e+004, +1.19058000359e+007, +1.15066084403e+007, -9.04891505155e+001, -7.66849749924e+001
+3.27810472500e+004, +1.18265689385e+007, +1.14269797288e+007, -8.95145085373e+001, -7.68066819670e+001
+3.27810660000e+004, +1.17978039827e+007, +1.13485553900e+007, -9.01965155229e+001, -7.69264419981e+001
+3.27810847500e+004, +1.16304245038e+007, +1.12713093923e+007, -9.01891801699e+001, -7.70442998115e+001
+3.27811035000e+004, +1.14919540481e+007, +1.11952164134e+007, -9.01798210291e+001, -7.71602988092e+001
+3.27811222500e+004, +1.15032729455e+007, +1.11202518182e+007, -9.02104420912e+001, -7.72744811168e+001
+3.27811410000e+004, +1.14623589166e+007, +1.10463916367e+007, -9.02094591755e+001, -7.73868876287e+001
+3.27811597500e+004, +1.13441044692e+007, +1.09736125430e+007, -9.00026039234e+001, -7.74975580516e+001
+3.27811785000e+004, +1.11987073602e+007, +1.09018918354e+007, -9.00465419925e+001, -7.76065309459e+001
+3.27811972500e+004, +1.11651569604e+007, +1.08312074162e+007, -9.03508998110e+001, -7.77138437666e+001
+3.27812160000e+004, +1.10199782159e+007, +1.07615377732e+007, -9.04863641227e+001, -7.78195329004e+001
+3.27812347500e+004, +1.10158987031e+007, +1.06928619612e+007, -9.04803284157e+001, -7.79236337040e+001
+3.27812535000e+004, +1.09280255728e+007, +1.06251595849e+007, -9.01919437728e+001, -7.80261805381e+001
+3.27812722500e+004, +1.08488214358e+007, +1.05584107812e+007, -9.05162553828e+001, -7.81272068022e+001
+3.27812910000e+004, +1.07733950056e+007, +1.04925962030e+007, -8.99253671253e+001, -7.82267449672e+001
+3.27813097500e+004, +1.08068723074e+007, +1.04276970038e+007, -9.03157559314e+001, -7.83248266062e+001
+3.27813285000e+004, +1.07194798600e+007, +1.03636948216e+007, -9.01893497936e+001, -7.84214824252e+001
+3.27813472500e+004, +1.05606252560e+007, +1.03005717647e+007, -9.03974447173e+001, -7.85167422918e+001
+3.27813660000e+004, +1.05781598002e+007, +1.02383103972e+007, -9.04215879823e+001, -7.86106352626e+001
+3.27813847500e+004, +1.04143696728e+007, +1.01768937252e+007, -9.08719867284e+001, -7.87031896109e+001
+3.27814035000e+004, +1.03705017536e+007, +1.01163051834e+007, -9.09765645267e+001, -7.87944328513e+001
+3.27814222500e+004, +1.02611014823e+007, +1.00565286223e+007, -9.05603608265e+001, -7.88843917654e+001
+3.27814410000e+004, +1.02988102459e+007, +9.99754829596e+006, -9.06618573045e+001, -7.89730924247e+001
+3.27814597500e+004, +1.02365146379e+007, +9.93934884962e+006, -9.03215743272e+001, -7.90605602143e+001
+3.27814785000e+004, +1.01916695812e+007, +9.88191530823e+006, -9.03861698788e+001, -7.91468198544e+001
+3.27814972500e+004, +1.00683717844e+007, +9.82523306534e+006, -9.06277474437e+001, -7.92318954215e+001
+3.27815160000e+004, +1.00958860172e+007, +9.76928787208e+006, -9.09785730337e+001, -7.93158103694e+001
+3.27815347500e+004, +9.88246289825e+006, +9.71406582683e+006, -9.07082105546e+001, -7.93985875478e+001
+3.27815535000e+004, +9.86570709793e+006, +9.65955336498e+006, -9.06394746207e+001, -7.94802492224e+001
+3.27815722500e+004, +9.82295596926e+006, +9.60573724911e+006, -9.06787620364e+001, -7.95608170923e+001
+3.27815910000e+004, +9.85896076308e+006, +9.55260455967e+006, -9.04882288553e+001, -7.96403123079e+001
+3.27816097500e+004, +9.76738398449e+006, +9.50014268567e+006, -9.08671990304e+001, -7.97187554879e+001
+3.27816285000e+004, +9.70189299873e+006, +9.44833931589e+006, -9.09768157657e+001, -7.97961667354e+001
+3.27816472500e+004, +9.57500138134e+006, +9.39718243034e+006, -9.06885153678e+001, -7.98725656537e+001
+3.27816660000e+004, +9.48278066924e+006, +9.34666029185e+006, -9.08019360833e+001, -7.99479713616e+001
+3.27816847500e+004, +9.54587237153e+006, +9.29676143824e+006, -9.04852962096e+001, -8.00224025080e+001
+3.27817035000e+004, +9.47318657498e+006, +9.24747467437e+006, -9.08215166700e+001, -8.00958772860e+001
+3.27817222500e+004, +9.45670590117e+006, +9.19878906481e+006, -9.07462761898e+001, -8.01684134462e+001
+3.27817410000e+004, +9.36685429006e+006, +9.15069392650e+006, -9.08426007308e+001, -8.02400283105e+001
+3.27817597500e+004, +9.37890293742e+006, +9.10317882166e+006, -9.08808333907e+001, -8.03107387841e+001
+3.27817785000e+004, +9.27336315971e+006, +9.05623355114e+006, -9.11116602734e+001, -8.03805613683e+001
+3.27817972500e+004, +9.13637787141e+006, +9.00984814766e+006, -9.06943391178e+001, -8.04495121719e+001
+3.27818160000e+004, +9.14627417890e+006, +8.96401286957e+006, -9.08912117519e+001, -8.05176069230e+001
+3.27818347500e+004, +9.13530749015e+006, +8.91871819465e+006, -9.10153220019e+001, -8.05848609795e+001
+3.27818535000e+004, +9.07976836048e+006, +8.87395481405e+006, -9.10232960568e+001, -8.06512893403e+001
+3.27818722500e+004, +9.03020596207e+006, +8.82971362664e+006, -9.12098818193e+001, -8.07169066554e+001
+3.27818910000e+004, +8.96996352285e+006, +8.78598573322e+006, -9.10716539702e+001, -8.07817272356e+001
+3.27819097500e+004, +8.91900356899e+006, +8.74276243127e+006, -9.06978011030e+001, -8.08457650624e+001
+3.27819285000e+004, +8.87043498661e+006, +8.70003520962e+006, -9.12434757534e+001, -8.09090337973e+001
+3.27819472500e+004, +8.86650765514e+006, +8.65779574323e+006, -9.09702298399e+001, -8.09715467906e+001
+3.27819660000e+004, +8.73651029929e+006, +8.61603588847e+006, -9.09268030355e+001, -8.10333170901e+001
+3.27819847500e+004, +8.75162619402e+006, +8.57474767812e+006, -9.07593547645e+001, -8.10943574497e+001
+3.27820035000e+004, +8.71659067765e+006, +8.53392331690e+006, -9.10456072175e+001, -8.11546803372e+001
+3.27820222500e+004, +8.63103534022e+006, +8.49355517685e+006, -9.10773871871e+001, -8.12142979427e+001
+3.27820410000e+004, +8.59505525518e+006, +8.45363579294e+006, -9.06279824916e+001, -8.12732221855e+001
+3.27820597500e+004, +8.55282200383e+006, +8.41415785899e+006, -9.12876620733e+001, -8.13314647220e+001
+3.27820785000e+004, +8.51478167019e+006, +8.37511422343e+006, -9.12700759404e+001, -8.13890369526e+001
+3.27820972500e+004, +8.47536920858e+006, +8.33649788536e+006, -9.08591902466e+001, -8.14459500288e+001
+3.27821160000e+004, +8.44341651722e+006, +8.29830199071e+006, -9.11795638028e+001, -8.15022148594e+001
+3.27821347500e+004, +8.36242072609e+006, +8.26051982841e+006, -9.12988927558e+001, -8.15578421178e+001
+3.27821535000e+004, +8.35258995500e+006, +8.22314482692e+006, -9.10586804355e+001, -8.16128422472e+001
+3.27821722500e+004, +8.31376322677e+006, +8.18617055048e+006, -9.10259086522e+001, -8.16672254676e+001
+3.27821910000e+004, +8.24959868278e+006, +8.14959069589e+006, -9.12672027530e+001, -8.17210017813e+001
+3.27822097500e+004, +8.21692336326e+006, +8.11339908909e+006, -9.14797576400e+001, -8.17741809783e+001
+3.27822285000e+004, +8.25971565752e+006, +8.07758968190e+006, -9.15630248885e+001, -8.18267726425e+001
+3.27822472500e+004, +8.18285551415e+006, +8.04215654899e+006, -9.10885129787e+001, -8.18787861565e+001
+3.27822660000e+004, +8.18422001026e+006, +8.00709388472e+006, -9.18101117996e+001, -8.19302307070e+001
+3.27822847500e+004, +8.08600452215e+006, +7.97239600031e+006, -9.07087449641e+001, -8.19811152898e+001
+3.27823035000e+004, +8.08251713172e+006, +7.93805732088e+006, -9.13114317770e+001, -8.20314487147e+001
+3.27823222500e+004, +8.01867741234e+006, +7.90407238267e+006, -9.11805140033e+001, -8.20812396100e+001
+3.27823410000e+004, +8.00103459856e+006, +7.87043583044e+006, -9.10528150511e+001, -8.21304964277e+001
+3.27823597500e+004, +7.96872478040e+006, +7.83714241466e+006, -9.12416045737e+001, -8.21792274472e+001
+3.27823785000e+004, +7.96417521324e+006, +7.80418698914e+006, -9.11300014267e+001, -8.22274407801e+001
+3.27823972500e+004, +7.90477097029e+006, +7.77156450843e+006, -9.11574098096e+001, -8.22751443743e+001
+3.27824160000e+004, +7.86847312336e+006, +7.73927002542e+006, -9.13592894122e+001, -8.23223460179e+001
+3.27824347500e+004, +7.79546698903e+006, +7.70729868904e+006, -9.14173288865e+001, -8.23690533433e+001
+3.27824535000e+004, +7.84298817163e+006, +7.67564574197e+006, -9.12403777292e+001, -8.24152738311e+001
+3.27824722500e+004, +7.80743102859e+006, +7.64430651839e+006, -9.11910878386e+001, -8.24610148137e+001
+3.27824910000e+004, +7.74069541236e+006, +7.61327644188e+006, -9.14457183540e+001, -8.25062834788e+001
+3.27825097500e+004, +7.70496675483e+006, +7.58255102324e+006, -9.11272951922e+001, -8.25510868733e+001
+3.27825285000e+004, +7.63285222483e+006, +7.55212585855e+006, -9.14119986756e+001, -8.25954319062e+001
+3.27825472500e+004, +7.63673488142e+006, +7.52199662713e+006, -9.13529054986e+001, -8.26393253524e+001
+3.27825660000e+004, +7.60149124859e+006, +7.49215908960e+006, -9.12942201924e+001, -8.26827738554e+001
+3.27825847500e+004, +7.53009946869e+006, +7.46260908608e+006, -9.12194564996e+001, -8.27257839310e+001
+3.27826035000e+004, +7.55105401931e+006, +7.43334253429e+006, -9.12988388144e+001, -8.27683619698e+001
+3.27826222500e+004, +7.51754134594e+006, +7.40435542781e+006, -9.15437846695e+001, -8.28105142407e+001
+3.27826410000e+004, +7.46948531983e+006, +7.37564383432e+006, -9.15752065135e+001, -8.28522468932e+001
+3.27826597500e+004, +7.47165771112e+006, +7.34720389398e+006, -9.15490732593e+001, -8.28935659605e+001
+3.27826785000e+004, +7.45716699769e+006, +7.31903181773e+006, -9.11678347242e+001, -8.29344773624e+001
+3.27826972500e+004, +7.36196214469e+006, +7.29112388573e+006, -9.13590861117e+001, -8.29749869073e+001
+3.27827160000e+004, +7.34509265779e+006, +7.26347644582e+006, -9.12259335264e+001, -8.30151002956e+001
+3.27827347500e+004, +7.37106245044e+006, +7.23608591196e+006, -9.16075909049e+001, -8.30548231216e+001
+3.27827535000e+004, +7.30774480233e+006, +7.20894876280e+006, -9.16374499567e+001, -8.30941608759e+001
+3.27827722500e+004, +7.29191431460e+006, +7.18206154029e+006, -9.17461108338e+001, -8.31331189483e+001
+3.27827910000e+004, +7.27049760689e+006, +7.15542084816e+006, -9.11048009526e+001, -8.31717026295e+001
+3.27828097500e+004, +7.23595051324e+006, +7.12902335068e+006, -9.15784191915e+001, -8.32099171138e+001
+3.27828285000e+004, +7.17945868115e+006, +7.10286577130e+006, -9.15921638807e+001, -8.32477675009e+001
+3.27828472500e+004, +7.18475664250e+006, +7.07694489132e+006, -9.13187063238e+001, -8.32852587982e+001
+3.27828660000e+004, +7.13686018512e+006, +7.05125754872e+006, -9.16026202241e+001, -8.33223959230e+001
+3.27828847500e+004, +7.07937342810e+006, +7.02580063684e+006, -9.15287587945e+001, -8.33591837041e+001
+3.27829035000e+004, +7.12993902211e+006, +7.00057110325e+006, -9.14966294121e+001, -8.33956268842e+001
+3.27829222500e+004, +7.06071760694e+006, +6.97556594856e+006, -9.13931733404e+001, -8.34317301216e+001
+3.27829410000e+004, +7.06095220405e+006, +6.95078222532e+006, -9.12899862453e+001, -8.34674979921e+001
+3.27829597500e+004, +7.01114122059e+006, +6.92621703687e+006, -9.17380648549e+001, -8.35029349904e+001
+3.27829785000e+004, +6.97478576557e+006, +6.90186753628e+006, -9.14931576065e+001, -8.35380455328e+001
+3.27829972500e+004, +6.95829685653e+006, +6.87773092533e+006, -9.12754935011e+001, -8.35728339579e+001
+3.27830160000e+004, +6.93252765613e+006, +6.85380445342e+006, -9.18875626563e+001, -8.36073045290e+001
+3.27830347500e+004, +6.92119305128e+006, +6.83008541666e+006, -9.16049883334e+001, -8.36414614351e+001
+3.27830535000e+004, +6.89515477332e+006, +6.80657115681e+006, -9.15359077891e+001, -8.36753087931e+001
+3.27830722500e+004, +6.86424782903e+006, +6.78325906039e+006, -9.17833421346e+001, -8.37088506490e+001
+3.27830910000e+004, +6.84901364921e+006, +6.76014655773e+006, -9.18080806570e+001, -8.37420909794e+001
+3.27831097500e+004, +6.79061396790e+006, +6.73723112205e+006, -9.16628074413e+001, -8.37750336931e+001
+3.27831285000e+004, +6.77163936219e+006, +6.71451026862e+006, -9.16238493054e+001, -8.38076826323e+001
+3.27831472500e+004, +6.74312719996e+006, +6.69198155387e+006, -9.18193472030e+001, -8.38400415744e+001
+3.27831660000e+004, +6.71817135502e+006, +6.66964257453e+006, -9.17046908630e+001, -8.38721142330e+001
+3.27831847500e+004, +6.73184768442e+006, +6.64749096688e+006, -9.17967840495e+001, -8.39039042592e+001
+3.27832035000e+004, +6.66150793511e+006, +6.62552440586e+006, -9.17130120835e+001, -8.39354152434e+001
+3.27832222500e+004, +6.66326492886e+006, +6.60374060437e+006, -9.14083316129e+001, -8.39666507159e+001
+3.27832410000e+004, +6.64056414552e+006, +6.58213731249e+006, -9.15387335726e+001, -8.39976141484e+001
+3.27832597500e+004, +6.60987305265e+006, +6.56071231665e+006, -9.17288964789e+001, -8.40283089554e+001
+3.27832785000e+004, +6.59033950872e+006, +6.53946343905e+006, -9.17765044025e+001, -8.40587384952e+001
+3.27832972500e+004, +6.57292934480e+006, +6.51838853683e+006, -9.17724874051e+001, -8.40889060709e+001
+3.27833160000e+004, +6.59956208357e+006, +6.49748550143e+006, -9.20068118558e+001, -8.41188149318e+001
+3.27833347500e+004, +6.57452398127e+006, +6.47675225792e+006, -9.14957872195e+001, -8.41484682742e+001
+3.27833535000e+004, +6.55166751512e+006, +6.45618676431e+006, -9.15133296832e+001, -8.41778692427e+001
+3.27833722500e+004, +6.50293667778e+006, +6.43578701093e+006, -9.14854874608e+001, -8.42070209311e+001
+3.27833910000e+004, +6.48245289562e+006, +6.41555101977e+006, -9.16322635552e+001, -8.42359263836e+001
+3.27834097500e+004, +6.50521142316e+006, +6.39547684390e+006, -9.12708473684e+001, -8.42645885956e+001
+3.27834285000e+004, +6.43878978738e+006, +6.37556256687e+006, -9.14404197244e+001, -8.42930105144e+001
+3.27834472500e+004, +6.39491075372e+006, +6.35580630206e+006, -9.16850095177e+001, -8.43211950409e+001
+3.27834660000e+004, +6.41122836790e+006, +6.33620619219e+006, -9.17430759050e+001, -8.43491450298e+001
+3.27834847500e+004, +6.39007950674e+006, +6.31676040868e+006, -9.15405249493e+001, -8.43768632909e+001
+3.27835035000e+004, +6.34668975762e+006, +6.29746715119e+006, -9.12911383634e+001, -8.44043525897e+001
+3.27835222500e+004, +6.35011053439e+006, +6.27832464699e+006, -9.17991578027e+001, -8.44316156487e+001
+3.27835410000e+004, +6.30922799187e+006, +6.25933115050e+006, -9.16160043791e+001, -8.44586551476e+001
+3.27835597500e+004, +6.28833743518e+006, +6.24048494276e+006, -9.17291362443e+001, -8.44854737246e+001
+3.27835785000e+004, +6.28266427233e+006, +6.22178433091e+006, -9.19412593921e+001, -8.45120739772e+001
+3.27835972500e+004, +6.23710596487e+006, +6.20322764772e+006, -9.15630257728e+001, -8.45384584627e+001
+3.27836160000e+004, +6.23707414474e+006, +6.18481325113e+006, -9.19072855337e+001, -8.45646296991e+001
+3.27836347500e+004, +6.22513805540e+006, +6.16653952373e+006, -9.17622794437e+001, -8.45905901660e+001
+3.27836535000e+004, +6.21870140743e+006, +6.14840487236e+006, -9.17484478520e+001, -8.46163423049e+001
+3.27836722500e+004, +6.19816208971e+006, +6.13040772760e+006, -9.15678164525e+001, -8.46418885205e+001
+3.27836910000e+004, +6.19389032596e+006, +6.11254654339e+006, -9.16731876939e+001, -8.46672311810e+001
+3.27837097500e+004, +6.13841027606e+006, +6.09481979659e+006, -9.16419896771e+001, -8.46923726188e+001
+3.27837285000e+004, +6.13511945730e+006, +6.07722598651e+006, -9.17210606255e+001, -8.47173151314e+001
+3.27837472500e+004, +6.08838906008e+006, +6.05976363456e+006, -9.18770370524e+001, -8.47420609816e+001
+3.27837660000e+004, +6.09144159084e+006, +6.04243128382e+006, -9.16590833951e+001, -8.47666123988e+001
+3.27837847500e+004, +6.04926930940e+006, +6.02522749867e+006, -9.19028015949e+001, -8.47909715790e+001
+3.27838035000e+004, +6.05266425867e+006, +6.00815086438e+006, -9.13606628951e+001, -8.48151406858e+001
+3.27838222500e+004, +6.04331199593e+006, +5.99119998672e+006, -9.18822002910e+001, -8.48391218508e+001
+3.27838410000e+004, +6.00900954201e+006, +5.97437349167e+006, -9.16066358897e+001, -8.48629171743e+001
+3.27838597500e+004, +5.98313140848e+006, +5.95767002495e+006, -9.17293572166e+001, -8.48865287256e+001
+3.27838785000e+004, +6.02181527186e+006, +5.94108825175e+006, -9.18190003390e+001, -8.49099585441e+001
+3.27838972500e+004, +5.97560186836e+006, +5.92462685637e+006, -9.19765900978e+001, -8.49332086394e+001
+3.27839160000e+004, +5.96078101052e+006, +5.90828454184e+006, -9.16447264605e+001, -8.49562809918e+001
+3.27839347500e+004, +5.94060811885e+006, +5.89206002967e+006, -9.18033682779e+001, -8.49791775532e+001
+3.27839535000e+004, +5.93066491011e+006, +5.87595205940e+006, -9.16312418463e+001, -8.50019002472e+001
+3.27839722500e+004, +5.93746691727e+006, +5.85995938843e+006, -9.17363294331e+001, -8.50244509700e+001
+3.27839910000e+004, +5.91574671021e+006, +5.84408079160e+006, -9.15231809820e+001, -8.50468315904e+001
+3.27840097500e+004, +5.87897786498e+006, +5.82831506095e+006, -9.20293811873e+001, -8.50690439508e+001
+3.27840285000e+004, +5.85587836296e+006, +5.81266100537e+006, -9.16587635455e+001, -8.50910898674e+001
+3.27840472500e+004, +5.85838201431e+006, +5.79711745036e+006, -9.14724217285e+001, -8.51129711306e+001
+3.27840660000e+004, +5.84713669926e+006, +5.78168323770e+006, -9.18797040093e+001, -8.51346895055e+001
+3.27840847500e+004, +5.78511552362e+006, +5.76635722522e+006, -9.17847999467e+001, -8.51562467326e+001
+3.27841035000e+004, +5.79100677824e+006, +5.75113828646e+006, -9.16276803342e+001, -8.51776445278e+001
+3.27841222500e+004, +5.78931180191e+006, +5.73602531045e+006, -9.17077118651e+001, -8.51988845831e+001
+3.27841410000e+004, +5.77675655035e+006, +5.72101720144e+006, -9.18996704511e+001, -8.52199685670e+001
+3.27841597500e+004, +5.75438059194e+006, +5.70611287864e+006, -9.16327889632e+001, -8.52408981249e+001
+3.27841785000e+004, +5.73866115091e+006, +5.69131127596e+006, -9.16516159591e+001, -8.52616748791e+001
+3.27841972500e+004, +5.73483365924e+006, +5.67661134176e+006, -9.16934434184e+001, -8.52823004301e+001
+3.27842160000e+004, +5.70037284157e+006, +5.66201203862e+006, -9.17846494551e+001, -8.53027763561e+001
+3.27842347500e+004, +5.68604586528e+006, +5.64751234310e+006, -9.19141099566e+001, -8.53231042136e+001
+3.27842535000e+004, +5.71336887719e+006, +5.63311124550e+006, -9.19205670585e+001, -8.53432855381e+001
+3.27842722500e+004, +5.66032335361e+006, +5.61880774964e+006, -9.18690856792e+001, -8.53633218440e+001
+3.27842910000e+004, +5.63781239098e+006, +5.60460087260e+006, -9.20380096576e+001, -8.53832146255e+001
+3.27843097500e+004, +5.64263639578e+006, +5.59048964459e+006, -9.18703112889e+001, -8.54029653563e+001
+3.27843285000e+004, +5.62719070525e+006, +5.57647310861e+006, -9.16367918459e+001, -8.54225754904e+001
+3.27843472500e+004, +5.60572003164e+006, +5.56255032036e+006, -9.17154459434e+001, -8.54420464622e+001
+3.27843660000e+004, +5.61064459129e+006, +5.54872034795e+006, -9.18539168842e+001, -8.54613796870e+001
+3.27843847500e+004, +5.56298957226e+006, +5.53498227174e+006, -9.19960185288e+001, -8.54805765612e+001
+3.27844035000e+004, +5.57120518396e+006, +5.52133518410e+006, -9.17967598571e+001, -8.54996384626e+001
+3.27844222500e+004, +5.55235424044e+006, +5.50777818928e+006, -9.20122848334e+001, -8.55185667509e+001
+3.27844410000e+004, +5.51996317625e+006, +5.49431040315e+006, -9.18947915535e+001, -8.55373627676e+001
+3.27844597500e+004, +5.52971497793e+006, +5.48093095307e+006, -9.19215196397e+001, -8.55560278367e+001
+3.27844785000e+004, +5.51536439151e+006, +5.46763897764e+006, -9.19846242071e+001, -8.55745632648e+001
+3.27844972500e+004, +5.50403789572e+006, +5.45443362659e+006, -9.19064416800e+001, -8.55929703414e+001
+3.27845160000e+004, +5.49188423676e+006, +5.44131406056e+006, -9.19475704140e+001, -8.56112503392e+001
+3.27845347500e+004, +5.46575441790e+006, +5.42827945095e+006, -9.20057958049e+001, -8.56294045142e+001
+3.27845535000e+004, +5.44975298842e+006, +5.41532897971e+006, -9.19739282817e+001, -8.56474341065e+001
+3.27845722500e+004, +5.44615802867e+006, +5.40246183923e+006, -9.18383851653e+001, -8.56653403397e+001
+3.27845910000e+004, +5.41199309864e+006, +5.38967723212e+006, -9.16872959145e+001, -8.56831244221e+001
+3.27846097500e+004, +5.43640889907e+006, +5.37697437108e+006, -9.20829249733e+001, -8.57007875461e+001
+3.27846285000e+004, +5.39311948476e+006, +5.36435247876e+006, -9.18441629806e+001, -8.57183308891e+001
+3.27846472500e+004, +5.39373336105e+006, +5.35181078756e+006, -9.18835887397e+001, -8.57357556134e+001
+3.27846660000e+004, +5.39234188262e+006, +5.33934853949e+006, -9.18766946379e+001, -8.57530628666e+001
+3.27846847500e+004, +5.37317132343e+006, +5.32696498605e+006, -9.20116743937e+001, -8.57702537814e+001
+3.27847035000e+004, +5.35454704237e+006, +5.31465938805e+006, -9.19408419551e+001, -8.57873294767e+001
+3.27847222500e+004, +5.33191999678e+006, +5.30243101549e+006, -9.18938970330e+001, -8.58042910569e+001
+3.27847410000e+004, +5.33355366676e+006, +5.29027914741e+006, -9.20813049578e+001, -8.58211396128e+001
+3.27847597500e+004, +5.31883828858e+006, +5.27820307173e+006, -9.17316095517e+001, -8.58378762212e+001
+3.27847785000e+004, +5.28785012033e+006, +5.26620208515e+006, -9.19001097576e+001, -8.58545019458e+001
+3.27847972500e+004, +5.29433190123e+006, +5.25427549300e+006, -9.17893755401e+001, -8.58710178368e+001
+3.27848160000e+004, +5.29178707673e+006, +5.24242260909e+006, -9.17294175718e+001, -8.58874249316e+001
+3.27848347500e+004, +5.25570436624e+006, +5.23064275564e+006, -9.20674063862e+001, -8.59037242546e+001
+3.27848535000e+004, +5.26888181540e+006, +5.21893526305e+006, -9.18730146583e+001, -8.59199168176e+001
+3.27848722500e+004, +5.24352415765e+006, +5.20729946991e+006, -9.20363573206e+001, -8.59360036199e+001
+3.27848910000e+004, +5.21355027262e+006, +5.19573472275e+006, -9.19660987463e+001, -8.59519856486e+001
+3.27849097500e+004, +5.23945371698e+006, +5.18424037600e+006, -9.19187247647e+001, -8.59678638788e+001
+3.27849285000e+004, +5.20691630600e+006, +5.17281579185e+006, -9.17959618883e+001, -8.59836392735e+001
+3.27849472500e+004, +5.20086875003e+006, +5.16146034013e+006, -9.18767783886e+001, -8.59993127842e+001
+3.27849660000e+004, +5.18979026598e+006, +5.15017339820e+006, -9.19778328480e+001, -8.60148853508e+001
+3.27849847500e+004, +5.18609097753e+006, +5.13895435084e+006, -9.20496008354e+001, -8.60303579018e+001
+3.27850035000e+004, +5.17430818098e+006, +5.12780259014e+006, -9.19113316439e+001, -8.60457313545e+001
+3.27850222500e+004, +5.16515845717e+006, +5.11671751539e+006, -9.18222385426e+001, -8.60610066153e+001
+3.27850410000e+004, +5.13835799161e+006, +5.10569853295e+006, -9.17474828283e+001, -8.60761845796e+001
+3.27850597500e+004, +5.12450703084e+006, +5.09474505623e+006, -9.19142242725e+001, -8.60912661322e+001
+3.27850785000e+004, +5.11184603730e+006, +5.08385650546e+006, -9.20010898739e+001, -8.61062521473e+001
+3.27850972500e+004, +5.11878222868e+006, +5.07303230772e+006, -9.17526538221e+001, -8.61211434887e+001
+3.27851160000e+004, +5.08097618625e+006, +5.06227189675e+006, -9.19564738215e+001, -8.61359410101e+001
+3.27851347500e+004, +5.09141078629e+006, +5.05157471286e+006, -9.19840726155e+001, -8.61506455549e+001
+3.27851535000e+004, +5.06969719507e+006, +5.04094020292e+006, -9.18103564637e+001, -8.61652579568e+001
+3.27851722500e+004, +5.05097332825e+006, +5.03036782014e+006, -9.21134950623e+001, -8.61797790396e+001
+3.27851910000e+004, +5.06017909984e+006, +5.01985702408e+006, -9.17914917751e+001, -8.61942096173e+001
+3.27852097500e+004, +5.06324261341e+006, +5.00940728052e+006, -9.18799567669e+001, -8.62085504948e+001
+3.27852285000e+004, +5.04167141289e+006, +4.99901806136e+006, -9.20610045965e+001, -8.62228024672e+001
+3.27852472500e+004, +5.02256193455e+006, +4.98868884455e+006, -9.18621263043e+001, -8.62369663205e+001
+3.27852660000e+004, +5.00909592502e+006, +4.97841911401e+006, -9.20803120929e+001, -8.62510428319e+001
+3.27852847500e+004, +4.99031952951e+006, +4.96820835953e+006, -9.20312469138e+001, -8.62650327691e+001
+3.27853035000e+004, +4.97980412448e+006, +4.95805607668e+006, -9.18312940321e+001, -8.62789368914e+001
+3.27853222500e+004, +4.98474967407e+006, +4.94796176675e+006, -9.19573684504e+001, -8.62927559491e+001
+3.27853410000e+004, +4.96003861153e+006, +4.93792493668e+006, -9.19465756688e+001, -8.63064906842e+001
+3.27853597500e+004, +4.94173359612e+006, +4.92794509893e+006, -9.19756421388e+001, -8.63201418299e+001
+3.27853785000e+004, +4.92903572720e+006, +4.91802177144e+006, -9.19657725393e+001, -8.63337101112e+001
+3.27853972500e+004, +4.93393816385e+006, +4.90815447757e+006, -9.19417575216e+001, -8.63471962450e+001
+3.27854160000e+004, +4.92091695395e+006, +4.89834274599e+006, -9.18971341288e+001, -8.63606009398e+001
+3.27854347500e+004, +4.92791602033e+006, +4.88858611061e+006, -9.21379859312e+001, -8.63739248963e+001
+3.27854535000e+004, +4.90616010617e+006, +4.87888411053e+006, -9.16786218226e+001, -8.63871688074e+001
+3.27854722500e+004, +4.88700623964e+006, +4.86923628994e+006, -9.18955145235e+001, -8.64003333579e+001
+3.27854910000e+004, +4.89628324019e+006, +4.85964219810e+006, -9.19048495557e+001, -8.64134192251e+001
+3.27855097500e+004, +4.86290543573e+006, +4.85010138918e+006, -9.18881048910e+001, -8.64264270789e+001
+3.27855285000e+004, +4.89232915219e+006, +4.84061342230e+006, -9.19060532631e+001, -8.64393575814e+001
+3.27855472500e+004, +4.87244836989e+006, +4.83117786138e+006, -9.18103056827e+001, -8.64522113876e+001
+3.27855660000e+004, +4.84778012705e+006, +4.82179427512e+006, -9.18256471237e+001, -8.64649891452e+001
+3.27855847500e+004, +4.85859190005e+006, +4.81246223692e+006, -9.18775637721e+001, -8.64776914947e+001
+3.27856035000e+004, +4.84991659887e+006, +4.80318132480e+006, -9.19414290959e+001, -8.64903190694e+001
+3.27856222500e+004, +4.82396430353e+006, +4.79395112139e+006, -9.21306262382e+001, -8.65028724959e+001
+3.27856410000e+004, +4.80382782332e+006, +4.78477121380e+006, -9.20769095523e+001, -8.65153523938e+001
+3.27856597500e+004, +4.81126731856e+006, +4.77564119361e+006, -9.19956184521e+001, -8.65277593760e+001
+3.27856785000e+004, +4.80593161864e+006, +4.76656065678e+006, -9.20347546095e+001, -8.65400940485e+001
+3.27856972500e+004, +4.78491681834e+006, +4.75752920362e+006, -9.20022193849e+001, -8.65523570109e+001
+3.27857160000e+004, +4.76509526261e+006, +4.74854643871e+006, -9.22223534079e+001, -8.65645488563e+001
+3.27857347500e+004, +4.78295694008e+006, +4.73961197083e+006, -9.19854932424e+001, -8.65766701714e+001
+3.27857535000e+004, +4.74872805161e+006, +4.73072541296e+006, -9.18923071998e+001, -8.65887215363e+001
+3.27857722500e+004, +4.74815833279e+006, +4.72188638217e+006, -9.17323126608e+001, -8.66007035252e+001
+3.27857910000e+004, +4.74982549697e+006, +4.71309449958e+006, -9.19669208000e+001, -8.66126167060e+001
+3.27858097500e+004, +4.74268372019e+006, +4.70434939032e+006, -9.18335071339e+001, -8.66244616405e+001
+3.27858285000e+004, +4.73331353359e+006, +4.69565068346e+006, -9.18783073114e+001, -8.66362388845e+001
+3.27858472500e+004, +4.71544887955e+006, +4.68699801197e+006, -9.18445610824e+001, -8.66479489878e+001
+3.27858660000e+004, +4.69903941676e+006, +4.67839101268e+006, -9.21408143845e+001, -8.66595924946e+001
+3.27858847500e+004, +4.69434582753e+006, +4.66982932620e+006, -9.19886105437e+001, -8.66711699431e+001
+3.27859035000e+004, +4.68851217570e+006, +4.66131259689e+006, -9.20162082686e+001, -8.66826818659e+001
+3.27859222500e+004, +4.68273116664e+006, +4.65284047281e+006, -9.19953792781e+001, -8.66941287900e+001
+3.27859410000e+004, +4.65901821341e+006, +4.64441260568e+006, -9.19751513065e+001, -8.67055112367e+001
+3.27859597500e+004, +4.66972565662e+006, +4.63602865080e+006, -9.21326255641e+001, -8.67168297221e+001
+3.27859785000e+004, +4.65401044700e+006, +4.62768826705e+006, -9.21451259690e+001, -8.67280847568e+001
+3.27859972500e+004, +4.63651961169e+006, +4.61939111682e+006, -9.20873736944e+001, -8.67392768459e+001
+3.27860160000e+004, +4.63015281824e+006, +4.61113686595e+006, -9.19680064323e+001, -8.67504064894e+001
+3.27860347500e+004, +4.63870023286e+006, +4.60292518371e+006, -9.20507551791e+001, -8.67614741821e+001
+3.27860535000e+004, +4.60776714590e+006, +4.59475574276e+006, -9.19877421797e+001, -8.67724804137e+001
+3.27860722500e+004, +4.61610588673e+006, +4.58662821909e+006, -9.20218501542e+001, -8.67834256687e+001
+3.27860910000e+004, +4.59945521970e+006, +4.57854229198e+006, -9.21116741009e+001, -8.67943104267e+001
+3.27861097500e+004, +4.60096037145e+006, +4.57049764395e+006, -9.21177600712e+001, -8.68051351625e+001
+3.27861285000e+004, +4.57667377303e+006, +4.56249396077e+006, -9.19046652611e+001, -8.68159003457e+001
+3.27861472500e+004, +4.59553993107e+006, +4.55453093134e+006, -9.19546232980e+001, -8.68266064414e+001
+3.27861660000e+004, +4.56653261189e+006, +4.54660824771e+006, -9.19767562138e+001, -8.68372539099e+001
+3.27861847500e+004, +4.56393219737e+006, +4.53872560502e+006, -9.22152288427e+001, -8.68478432066e+001
+3.27862035000e+004, +4.56473285732e+006, +4.53088270146e+006, -9.20639860619e+001, -8.68583747825e+001
+3.27862222500e+004, +4.54324498285e+006, +4.52307923824e+006, -9.20673195732e+001, -8.68688490840e+001
+3.27862410000e+004, +4.53782674113e+006, +4.51531491956e+006, -9.18645075216e+001, -8.68792665529e+001
+3.27862597500e+004, +4.53832901788e+006, +4.50758945253e+006, -9.20601727630e+001, -8.68896276266e+001
+3.27862785000e+004, +4.52793497760e+006, +4.49990254719e+006, -9.19853487908e+001, -8.68999327381e+001
+3.27862972500e+004, +4.53052589871e+006, +4.49225391643e+006, -9.20666486872e+001, -8.69101823160e+001
+3.27863160000e+004, +4.50964848192e+006, +4.48464327600e+006, -9.21300534492e+001, -8.69203767847e+001
+3.27863347500e+004, +4.51156849888e+006, +4.47707034443e+006, -9.22909531911e+001, -8.69305165644e+001
+3.27863535000e+004, +4.50035298181e+006, +4.46953484301e+006, -9.21241866394e+001, -8.69406020709e+001
+3.27863722500e+004, +4.46922157814e+006, +4.46203649578e+006, -9.20109263895e+001, -8.69506337161e+001
+3.27863910000e+004, +4.47288609428e+006, +4.45457502945e+006, -9.21202527070e+001, -8.69606119076e+001
+3.27864097500e+004, +4.46668666290e+006, +4.44715017344e+006, -9.20873569677e+001, -8.69705370492e+001
+3.27864285000e+004, +4.46474770636e+006, +4.43976165975e+006, -9.21958713509e+001, -8.69804095406e+001
+3.27864472500e+004, +4.46994635157e+006, +4.43240922302e+006, -9.21530990503e+001, -8.69902297775e+001
+3.27864660000e+004, +4.45395149526e+006, +4.42509260044e+006, -9.20797124128e+001, -8.69999981518e+001
+3.27864847500e+004, +4.43885838300e+006, +4.41781153173e+006, -9.19550815228e+001, -8.70097150515e+001
+3.27865035000e+004, +4.43393375594e+006, +4.41056575915e+006, -9.19393316541e+001, -8.70193808610e+001
+3.27865222500e+004, +4.42501953636e+006, +4.40335502741e+006, -9.22528523365e+001, -8.70289959606e+001
+3.27865410000e+004, +4.42693503601e+006, +4.39617908369e+006, -9.21544075394e+001, -8.70385607273e+001
+3.27865597500e+004, +4.40024773209e+006, +4.38903767755e+006, -9.21694943072e+001, -8.70480755341e+001
+3.27865785000e+004, +4.39380947743e+006, +4.38193056099e+006, -9.19631709700e+001, -8.70575407506e+001
+3.27865972500e+004, +4.39848053039e+006, +4.37485748834e+006, -9.20730493263e+001, -8.70669567427e+001
+3.27866160000e+004, +4.39680182065e+006, +4.36781821628e+006, -9.20562790480e+001, -8.70763238729e+001
+3.27866347500e+004, +4.40252853945e+006, +4.36081250378e+006, -9.20766812500e+001, -8.70856425002e+001
+3.27866535000e+004, +4.36120743788e+006, +4.35384011210e+006, -9.19844072145e+001, -8.70949129800e+001
+3.27866722500e+004, +4.37227374828e+006, +4.34690080475e+006, -9.21856632115e+001, -8.71041356643e+001
+3.27866910000e+004, +4.36042925016e+006, +4.33999434747e+006, -9.22027520915e+001, -8.71133109021e+001
+3.27867097500e+004, +4.34130209121e+006, +4.33312050821e+006, -9.22108506404e+001, -8.71224390387e+001
+3.27867285000e+004, +4.33310545691e+006, +4.32627905706e+006, -9.21162360631e+001, -8.71315204162e+001
+3.27867472500e+004, +4.34284959228e+006, +4.31946976629e+006, -9.19512762049e+001, -8.71405553735e+001
+3.27867660000e+004, +4.32321295972e+006, +4.31269241028e+006, -9.19601917204e+001, -8.71495442463e+001
END
